AXISBANK | Financial Sector | High leverage warning suppressed
AXISBANK | Financial Sector | High leverage warning suppressed
AXISBANK | Financial Sector | High leverage warning suppressed
AXISBANK | Financial Sector | High leverage warning suppressed
AXISBANK | Financial Sector | High leverage warning suppressed
AXISBANK | Financial Sector | High leverage warning suppressed
AXISBANK | Financial Sector | High leverage warning suppressed
AXISBANK | Financial Sector | High leverage warning suppressed
AXISBANK | Financial Sector | High leverage warning suppressed
AXISBANK | Financial Sector | High leverage warning suppressed
AXISBANK | Financial Sector | High leverage warning suppressed
AXISBANK | Financial Sector | High leverage warning suppressed
BAJAJFINSV | Financial Sector | High leverage warning suppressed
BAJAJFINSV | Financial Sector | High leverage warning suppressed
BAJAJFINSV | Financial Sector | High leverage warning suppressed
BAJAJFINSV | Financial Sector | High leverage warning suppressed
BAJAJFINSV | Financial Sector | High leverage warning suppressed
BAJAJFINSV | Financial Sector | High leverage warning suppressed
BAJAJFINSV | Financial Sector | High leverage warning suppressed
BAJAJFINSV | Financial Sector | High leverage warning suppressed
BAJAJFINSV | Financial Sector | High leverage warning suppressed
BAJAJFINSV | Financial Sector | High leverage warning suppressed
BAJAJFINSV | Financial Sector | High leverage warning suppressed
BAJAJFINSV | Financial Sector | High leverage warning suppressed
BAJAJHLDNG | Financial Sector | High leverage warning suppressed
BAJAJHLDNG | Financial Sector | High leverage warning suppressed
BAJAJHLDNG | Financial Sector | High leverage warning suppressed
BAJAJHLDNG | Financial Sector | High leverage warning suppressed
BAJAJHLDNG | Financial Sector | High leverage warning suppressed
BAJAJHLDNG | Financial Sector | High leverage warning suppressed
BAJAJHLDNG | Financial Sector | High leverage warning suppressed
BAJAJHLDNG | Financial Sector | High leverage warning suppressed
BAJAJHLDNG | Financial Sector | High leverage warning suppressed
BAJAJHLDNG | Financial Sector | High leverage warning suppressed
BAJAJHLDNG | Financial Sector | High leverage warning suppressed
BAJAJHLDNG | Financial Sector | High leverage warning suppressed
BAJFINANCE | Financial Sector | High leverage warning suppressed
BAJFINANCE | Financial Sector | High leverage warning suppressed
BAJFINANCE | Financial Sector | High leverage warning suppressed
BAJFINANCE | Financial Sector | High leverage warning suppressed
BAJFINANCE | Financial Sector | High leverage warning suppressed
BAJFINANCE | Financial Sector | High leverage warning suppressed
BAJFINANCE | Financial Sector | High leverage warning suppressed
BAJFINANCE | Financial Sector | High leverage warning suppressed
BAJFINANCE | Financial Sector | High leverage warning suppressed
BAJFINANCE | Financial Sector | High leverage warning suppressed
BANKBARODA | Financial Sector | High leverage warning suppressed
BANKBARODA | Financial Sector | High leverage warning suppressed
BANKBARODA | Financial Sector | High leverage warning suppressed
BANKBARODA | Financial Sector | High leverage warning suppressed
BANKBARODA | Financial Sector | High leverage warning suppressed
BANKBARODA | Financial Sector | High leverage warning suppressed
BANKBARODA | Financial Sector | High leverage warning suppressed
BANKBARODA | Financial Sector | High leverage warning suppressed
BANKBARODA | Financial Sector | High leverage warning suppressed
BANKBARODA | Financial Sector | High leverage warning suppressed
BANKBARODA | Financial Sector | High leverage warning suppressed
BANKBARODA | Financial Sector | High leverage warning suppressed
CANBK | Financial Sector | High leverage warning suppressed
CANBK | Financial Sector | High leverage warning suppressed
CANBK | Financial Sector | High leverage warning suppressed
CANBK | Financial Sector | High leverage warning suppressed
CANBK | Financial Sector | High leverage warning suppressed
CANBK | Financial Sector | High leverage warning suppressed
CANBK | Financial Sector | High leverage warning suppressed
CANBK | Financial Sector | High leverage warning suppressed
CANBK | Financial Sector | High leverage warning suppressed
CANBK | Financial Sector | High leverage warning suppressed
CANBK | Financial Sector | High leverage warning suppressed
CANBK | Financial Sector | High leverage warning suppressed
CHOLAFIN | Financial Sector | High leverage warning suppressed
CHOLAFIN | Financial Sector | High leverage warning suppressed
CHOLAFIN | Financial Sector | High leverage warning suppressed
CHOLAFIN | Financial Sector | High leverage warning suppressed
CHOLAFIN | Financial Sector | High leverage warning suppressed
CHOLAFIN | Financial Sector | High leverage warning suppressed
CHOLAFIN | Financial Sector | High leverage warning suppressed
CHOLAFIN | Financial Sector | High leverage warning suppressed
CHOLAFIN | Financial Sector | High leverage warning suppressed
CHOLAFIN | Financial Sector | High leverage warning suppressed
CHOLAFIN | Financial Sector | High leverage warning suppressed
CHOLAFIN | Financial Sector | High leverage warning suppressed
HDFCBANK | Financial Sector | High leverage warning suppressed
HDFCBANK | Financial Sector | High leverage warning suppressed
HDFCBANK | Financial Sector | High leverage warning suppressed
HDFCBANK | Financial Sector | High leverage warning suppressed
HDFCBANK | Financial Sector | High leverage warning suppressed
HDFCBANK | Financial Sector | High leverage warning suppressed
HDFCBANK | Financial Sector | High leverage warning suppressed
HDFCBANK | Financial Sector | High leverage warning suppressed
HDFCBANK | Financial Sector | High leverage warning suppressed
HDFCBANK | Financial Sector | High leverage warning suppressed
HDFCBANK | Financial Sector | High leverage warning suppressed
HDFCBANK | Financial Sector | High leverage warning suppressed
HDFCLIFE | Financial Sector | High leverage warning suppressed
HDFCLIFE | Financial Sector | High leverage warning suppressed
HDFCLIFE | Financial Sector | High leverage warning suppressed
HDFCLIFE | Financial Sector | High leverage warning suppressed
HDFCLIFE | Financial Sector | High leverage warning suppressed
HDFCLIFE | Financial Sector | High leverage warning suppressed
HDFCLIFE | Financial Sector | High leverage warning suppressed
HDFCLIFE | Financial Sector | High leverage warning suppressed
HDFCLIFE | Financial Sector | High leverage warning suppressed
HDFCLIFE | Financial Sector | High leverage warning suppressed
HDFCLIFE | Financial Sector | High leverage warning suppressed
HDFCLIFE | Financial Sector | High leverage warning suppressed
ICICIBANK | Financial Sector | High leverage warning suppressed
ICICIBANK | Financial Sector | High leverage warning suppressed
ICICIBANK | Financial Sector | High leverage warning suppressed
ICICIBANK | Financial Sector | High leverage warning suppressed
ICICIBANK | Financial Sector | High leverage warning suppressed
ICICIBANK | Financial Sector | High leverage warning suppressed
ICICIBANK | Financial Sector | High leverage warning suppressed
ICICIBANK | Financial Sector | High leverage warning suppressed
ICICIBANK | Financial Sector | High leverage warning suppressed
ICICIBANK | Financial Sector | High leverage warning suppressed
ICICIBANK | Financial Sector | High leverage warning suppressed
ICICIBANK | Financial Sector | High leverage warning suppressed
ICICIGI | Financial Sector | High leverage warning suppressed
ICICIGI | Financial Sector | High leverage warning suppressed
ICICIGI | Financial Sector | High leverage warning suppressed
ICICIGI | Financial Sector | High leverage warning suppressed
ICICIGI | Financial Sector | High leverage warning suppressed
ICICIGI | Financial Sector | High leverage warning suppressed
ICICIGI | Financial Sector | High leverage warning suppressed
ICICIGI | Financial Sector | High leverage warning suppressed
ICICIGI | Financial Sector | High leverage warning suppressed
ICICIGI | Financial Sector | High leverage warning suppressed
ICICIGI | Financial Sector | High leverage warning suppressed
ICICIGI | Financial Sector | High leverage warning suppressed
ICICIPRULI | Financial Sector | High leverage warning suppressed
ICICIPRULI | Financial Sector | High leverage warning suppressed
ICICIPRULI | Financial Sector | High leverage warning suppressed
ICICIPRULI | Financial Sector | High leverage warning suppressed
ICICIPRULI | Financial Sector | High leverage warning suppressed
ICICIPRULI | Financial Sector | High leverage warning suppressed
ICICIPRULI | Financial Sector | High leverage warning suppressed
ICICIPRULI | Financial Sector | High leverage warning suppressed
ICICIPRULI | Financial Sector | High leverage warning suppressed
ICICIPRULI | Financial Sector | High leverage warning suppressed
ICICIPRULI | Financial Sector | High leverage warning suppressed
ICICIPRULI | Financial Sector | High leverage warning suppressed
INDUSINDBK | Financial Sector | High leverage warning suppressed
INDUSINDBK | Financial Sector | High leverage warning suppressed
INDUSINDBK | Financial Sector | High leverage warning suppressed
INDUSINDBK | Financial Sector | High leverage warning suppressed
INDUSINDBK | Financial Sector | High leverage warning suppressed
INDUSINDBK | Financial Sector | High leverage warning suppressed
INDUSINDBK | Financial Sector | High leverage warning suppressed
INDUSINDBK | Financial Sector | High leverage warning suppressed
INDUSINDBK | Financial Sector | High leverage warning suppressed
INDUSINDBK | Financial Sector | High leverage warning suppressed
INDUSINDBK | Financial Sector | High leverage warning suppressed
INDUSINDBK | Financial Sector | High leverage warning suppressed
IRFC | Financial Sector | High leverage warning suppressed
IRFC | Financial Sector | High leverage warning suppressed
IRFC | Financial Sector | High leverage warning suppressed
IRFC | Financial Sector | High leverage warning suppressed
IRFC | Financial Sector | High leverage warning suppressed
IRFC | Financial Sector | High leverage warning suppressed
IRFC | Financial Sector | High leverage warning suppressed
IRFC | Financial Sector | High leverage warning suppressed
IRFC | Financial Sector | High leverage warning suppressed
IRFC | Financial Sector | High leverage warning suppressed
IRFC | Financial Sector | High leverage warning suppressed
IRFC | Financial Sector | High leverage warning suppressed
JIOFIN | Financial Sector | High leverage warning suppressed
JIOFIN | Financial Sector | High leverage warning suppressed
KOTAKBANK | Financial Sector | High leverage warning suppressed
KOTAKBANK | Financial Sector | High leverage warning suppressed
KOTAKBANK | Financial Sector | High leverage warning suppressed
KOTAKBANK | Financial Sector | High leverage warning suppressed
KOTAKBANK | Financial Sector | High leverage warning suppressed
KOTAKBANK | Financial Sector | High leverage warning suppressed
KOTAKBANK | Financial Sector | High leverage warning suppressed
KOTAKBANK | Financial Sector | High leverage warning suppressed
KOTAKBANK | Financial Sector | High leverage warning suppressed
KOTAKBANK | Financial Sector | High leverage warning suppressed
KOTAKBANK | Financial Sector | High leverage warning suppressed
KOTAKBANK | Financial Sector | High leverage warning suppressed
LICI | Financial Sector | High leverage warning suppressed
LICI | Financial Sector | High leverage warning suppressed
LICI | Financial Sector | High leverage warning suppressed
LICI | Financial Sector | High leverage warning suppressed
LICI | Financial Sector | High leverage warning suppressed
LICI | Financial Sector | High leverage warning suppressed
PFC | Financial Sector | High leverage warning suppressed
PFC | Financial Sector | High leverage warning suppressed
PFC | Financial Sector | High leverage warning suppressed
PFC | Financial Sector | High leverage warning suppressed
PFC | Financial Sector | High leverage warning suppressed
PFC | Financial Sector | High leverage warning suppressed
PFC | Financial Sector | High leverage warning suppressed
PFC | Financial Sector | High leverage warning suppressed
PFC | Financial Sector | High leverage warning suppressed
PFC | Financial Sector | High leverage warning suppressed
PFC | Financial Sector | High leverage warning suppressed
PFC | Financial Sector | High leverage warning suppressed
PNB | Financial Sector | High leverage warning suppressed
PNB | Financial Sector | High leverage warning suppressed
PNB | Financial Sector | High leverage warning suppressed
PNB | Financial Sector | High leverage warning suppressed
PNB | Financial Sector | High leverage warning suppressed
PNB | Financial Sector | High leverage warning suppressed
PNB | Financial Sector | High leverage warning suppressed
PNB | Financial Sector | High leverage warning suppressed
PNB | Financial Sector | High leverage warning suppressed
PNB | Financial Sector | High leverage warning suppressed
PNB | Financial Sector | High leverage warning suppressed
PNB | Financial Sector | High leverage warning suppressed
PNB | Financial Sector | High leverage warning suppressed
PNB | Financial Sector | High leverage warning suppressed
PNB | Financial Sector | High leverage warning suppressed
PNB | Financial Sector | High leverage warning suppressed
PNB | Financial Sector | High leverage warning suppressed
PNB | Financial Sector | High leverage warning suppressed
PNB | Financial Sector | High leverage warning suppressed
PNB | Financial Sector | High leverage warning suppressed
PNB | Financial Sector | High leverage warning suppressed
PNB | Financial Sector | High leverage warning suppressed
PNB | Financial Sector | High leverage warning suppressed
PNB | Financial Sector | High leverage warning suppressed
PNB | Financial Sector | High leverage warning suppressed
PNB | Financial Sector | High leverage warning suppressed
PNB | Financial Sector | High leverage warning suppressed
PNB | Financial Sector | High leverage warning suppressed
PNB | Financial Sector | High leverage warning suppressed
PNB | Financial Sector | High leverage warning suppressed
PNB | Financial Sector | High leverage warning suppressed
PNB | Financial Sector | High leverage warning suppressed
PNB | Financial Sector | High leverage warning suppressed
PNB | Financial Sector | High leverage warning suppressed
PNB | Financial Sector | High leverage warning suppressed
PNB | Financial Sector | High leverage warning suppressed
PNB | Financial Sector | High leverage warning suppressed
PNB | Financial Sector | High leverage warning suppressed
PNB | Financial Sector | High leverage warning suppressed
PNB | Financial Sector | High leverage warning suppressed
PNB | Financial Sector | High leverage warning suppressed
PNB | Financial Sector | High leverage warning suppressed
PNB | Financial Sector | High leverage warning suppressed
PNB | Financial Sector | High leverage warning suppressed
PNB | Financial Sector | High leverage warning suppressed
PNB | Financial Sector | High leverage warning suppressed
PNB | Financial Sector | High leverage warning suppressed
PNB | Financial Sector | High leverage warning suppressed
PNB | Financial Sector | High leverage warning suppressed
PNB | Financial Sector | High leverage warning suppressed
PNB | Financial Sector | High leverage warning suppressed
PNB | Financial Sector | High leverage warning suppressed
PNB | Financial Sector | High leverage warning suppressed
PNB | Financial Sector | High leverage warning suppressed
PNB | Financial Sector | High leverage warning suppressed
PNB | Financial Sector | High leverage warning suppressed
PNB | Financial Sector | High leverage warning suppressed
PNB | Financial Sector | High leverage warning suppressed
PNB | Financial Sector | High leverage warning suppressed
PNB | Financial Sector | High leverage warning suppressed
PNB | Financial Sector | High leverage warning suppressed
PNB | Financial Sector | High leverage warning suppressed
PNB | Financial Sector | High leverage warning suppressed
PNB | Financial Sector | High leverage warning suppressed
PNB | Financial Sector | High leverage warning suppressed
PNB | Financial Sector | High leverage warning suppressed
PNB | Financial Sector | High leverage warning suppressed
PNB | Financial Sector | High leverage warning suppressed
PNB | Financial Sector | High leverage warning suppressed
PNB | Financial Sector | High leverage warning suppressed
PNB | Financial Sector | High leverage warning suppressed
PNB | Financial Sector | High leverage warning suppressed
PNB | Financial Sector | High leverage warning suppressed
PNB | Financial Sector | High leverage warning suppressed
PNB | Financial Sector | High leverage warning suppressed
PNB | Financial Sector | High leverage warning suppressed
PNB | Financial Sector | High leverage warning suppressed
PNB | Financial Sector | High leverage warning suppressed
PNB | Financial Sector | High leverage warning suppressed
PNB | Financial Sector | High leverage warning suppressed
PNB | Financial Sector | High leverage warning suppressed
PNB | Financial Sector | High leverage warning suppressed
PNB | Financial Sector | High leverage warning suppressed
PNB | Financial Sector | High leverage warning suppressed
PNB | Financial Sector | High leverage warning suppressed
PNB | Financial Sector | High leverage warning suppressed
PNB | Financial Sector | High leverage warning suppressed
PNB | Financial Sector | High leverage warning suppressed
PNB | Financial Sector | High leverage warning suppressed
PNB | Financial Sector | High leverage warning suppressed
PNB | Financial Sector | High leverage warning suppressed
PNB | Financial Sector | High leverage warning suppressed
PNB | Financial Sector | High leverage warning suppressed
PNB | Financial Sector | High leverage warning suppressed
PNB | Financial Sector | High leverage warning suppressed
PNB | Financial Sector | High leverage warning suppressed
PNB | Financial Sector | High leverage warning suppressed
PNB | Financial Sector | High leverage warning suppressed
PNB | Financial Sector | High leverage warning suppressed
PNB | Financial Sector | High leverage warning suppressed
PNB | Financial Sector | High leverage warning suppressed
PNB | Financial Sector | High leverage warning suppressed
PNB | Financial Sector | High leverage warning suppressed
PNB | Financial Sector | High leverage warning suppressed
PNB | Financial Sector | High leverage warning suppressed
PNB | Financial Sector | High leverage warning suppressed
PNB | Financial Sector | High leverage warning suppressed
PNB | Financial Sector | High leverage warning suppressed
PNB | Financial Sector | High leverage warning suppressed
PNB | Financial Sector | High leverage warning suppressed
PNB | Financial Sector | High leverage warning suppressed
PNB | Financial Sector | High leverage warning suppressed
PNB | Financial Sector | High leverage warning suppressed
PNB | Financial Sector | High leverage warning suppressed
PNB | Financial Sector | High leverage warning suppressed
PNB | Financial Sector | High leverage warning suppressed
PNB | Financial Sector | High leverage warning suppressed
PNB | Financial Sector | High leverage warning suppressed
PNB | Financial Sector | High leverage warning suppressed
PNB | Financial Sector | High leverage warning suppressed
PNB | Financial Sector | High leverage warning suppressed
PNB | Financial Sector | High leverage warning suppressed
PNB | Financial Sector | High leverage warning suppressed
PNB | Financial Sector | High leverage warning suppressed
PNB | Financial Sector | High leverage warning suppressed
PNB | Financial Sector | High leverage warning suppressed
PNB | Financial Sector | High leverage warning suppressed
PNB | Financial Sector | High leverage warning suppressed
PNB | Financial Sector | High leverage warning suppressed
PNB | Financial Sector | High leverage warning suppressed
PNB | Financial Sector | High leverage warning suppressed
PNB | Financial Sector | High leverage warning suppressed
PNB | Financial Sector | High leverage warning suppressed
PNB | Financial Sector | High leverage warning suppressed
PNB | Financial Sector | High leverage warning suppressed
PNB | Financial Sector | High leverage warning suppressed
PNB | Financial Sector | High leverage warning suppressed
PNB | Financial Sector | High leverage warning suppressed
PNB | Financial Sector | High leverage warning suppressed
PNB | Financial Sector | High leverage warning suppressed
PNB | Financial Sector | High leverage warning suppressed
PNB | Financial Sector | High leverage warning suppressed
PNB | Financial Sector | High leverage warning suppressed
PNB | Financial Sector | High leverage warning suppressed
PNB | Financial Sector | High leverage warning suppressed
PNB | Financial Sector | High leverage warning suppressed
PNB | Financial Sector | High leverage warning suppressed
PNB | Financial Sector | High leverage warning suppressed
PNB | Financial Sector | High leverage warning suppressed
PNB | Financial Sector | High leverage warning suppressed
PNB | Financial Sector | High leverage warning suppressed
PNB | Financial Sector | High leverage warning suppressed
PNB | Financial Sector | High leverage warning suppressed
PNB | Financial Sector | High leverage warning suppressed
PNB | Financial Sector | High leverage warning suppressed
PNB | Financial Sector | High leverage warning suppressed
PNB | Financial Sector | High leverage warning suppressed
PNB | Financial Sector | High leverage warning suppressed
PNB | Financial Sector | High leverage warning suppressed
PNB | Financial Sector | High leverage warning suppressed
PNB | Financial Sector | High leverage warning suppressed
PNB | Financial Sector | High leverage warning suppressed
PNB | Financial Sector | High leverage warning suppressed
PNB | Financial Sector | High leverage warning suppressed
PNB | Financial Sector | High leverage warning suppressed
PNB | Financial Sector | High leverage warning suppressed
PNB | Financial Sector | High leverage warning suppressed
PNB | Financial Sector | High leverage warning suppressed
PNB | Financial Sector | High leverage warning suppressed
PNB | Financial Sector | High leverage warning suppressed
PNB | Financial Sector | High leverage warning suppressed
PNB | Financial Sector | High leverage warning suppressed
PNB | Financial Sector | High leverage warning suppressed
PNB | Financial Sector | High leverage warning suppressed
PNB | Financial Sector | High leverage warning suppressed
PNB | Financial Sector | High leverage warning suppressed
PNB | Financial Sector | High leverage warning suppressed
PNB | Financial Sector | High leverage warning suppressed
PNB | Financial Sector | High leverage warning suppressed
PNB | Financial Sector | High leverage warning suppressed
PNB | Financial Sector | High leverage warning suppressed
PNB | Financial Sector | High leverage warning suppressed
PNB | Financial Sector | High leverage warning suppressed
PNB | Financial Sector | High leverage warning suppressed
PNB | Financial Sector | High leverage warning suppressed
PNB | Financial Sector | High leverage warning suppressed
PNB | Financial Sector | High leverage warning suppressed
PNB | Financial Sector | High leverage warning suppressed
PNB | Financial Sector | High leverage warning suppressed
PNB | Financial Sector | High leverage warning suppressed
PNB | Financial Sector | High leverage warning suppressed
PNB | Financial Sector | High leverage warning suppressed
PNB | Financial Sector | High leverage warning suppressed
PNB | Financial Sector | High leverage warning suppressed
PNB | Financial Sector | High leverage warning suppressed
PNB | Financial Sector | High leverage warning suppressed
PNB | Financial Sector | High leverage warning suppressed
PNB | Financial Sector | High leverage warning suppressed
PNB | Financial Sector | High leverage warning suppressed
PNB | Financial Sector | High leverage warning suppressed
PNB | Financial Sector | High leverage warning suppressed
PNB | Financial Sector | High leverage warning suppressed
PNB | Financial Sector | High leverage warning suppressed
PNB | Financial Sector | High leverage warning suppressed
PNB | Financial Sector | High leverage warning suppressed
PNB | Financial Sector | High leverage warning suppressed
PNB | Financial Sector | High leverage warning suppressed
PNB | Financial Sector | High leverage warning suppressed
PNB | Financial Sector | High leverage warning suppressed
PNB | Financial Sector | High leverage warning suppressed
PNB | Financial Sector | High leverage warning suppressed
PNB | Financial Sector | High leverage warning suppressed
PNB | Financial Sector | High leverage warning suppressed
PNB | Financial Sector | High leverage warning suppressed
PNB | Financial Sector | High leverage warning suppressed
PNB | Financial Sector | High leverage warning suppressed
PNB | Financial Sector | High leverage warning suppressed
PNB | Financial Sector | High leverage warning suppressed
PNB | Financial Sector | High leverage warning suppressed
PNB | Financial Sector | High leverage warning suppressed
PNB | Financial Sector | High leverage warning suppressed
PNB | Financial Sector | High leverage warning suppressed
PNB | Financial Sector | High leverage warning suppressed
PNB | Financial Sector | High leverage warning suppressed
PNB | Financial Sector | High leverage warning suppressed
PNB | Financial Sector | High leverage warning suppressed
PNB | Financial Sector | High leverage warning suppressed
PNB | Financial Sector | High leverage warning suppressed
PNB | Financial Sector | High leverage warning suppressed
PNB | Financial Sector | High leverage warning suppressed
PNB | Financial Sector | High leverage warning suppressed
PNB | Financial Sector | High leverage warning suppressed
PNB | Financial Sector | High leverage warning suppressed
PNB | Financial Sector | High leverage warning suppressed
PNB | Financial Sector | High leverage warning suppressed
PNB | Financial Sector | High leverage warning suppressed
PNB | Financial Sector | High leverage warning suppressed
PNB | Financial Sector | High leverage warning suppressed
PNB | Financial Sector | High leverage warning suppressed
PNB | Financial Sector | High leverage warning suppressed
PNB | Financial Sector | High leverage warning suppressed
PNB | Financial Sector | High leverage warning suppressed
PNB | Financial Sector | High leverage warning suppressed
PNB | Financial Sector | High leverage warning suppressed
PNB | Financial Sector | High leverage warning suppressed
PNB | Financial Sector | High leverage warning suppressed
PNB | Financial Sector | High leverage warning suppressed
PNB | Financial Sector | High leverage warning suppressed
PNB | Financial Sector | High leverage warning suppressed
PNB | Financial Sector | High leverage warning suppressed
PNB | Financial Sector | High leverage warning suppressed
PNB | Financial Sector | High leverage warning suppressed
PNB | Financial Sector | High leverage warning suppressed
PNB | Financial Sector | High leverage warning suppressed
PNB | Financial Sector | High leverage warning suppressed
PNB | Financial Sector | High leverage warning suppressed
PNB | Financial Sector | High leverage warning suppressed
PNB | Financial Sector | High leverage warning suppressed
PNB | Financial Sector | High leverage warning suppressed
PNB | Financial Sector | High leverage warning suppressed
PNB | Financial Sector | High leverage warning suppressed
PNB | Financial Sector | High leverage warning suppressed
PNB | Financial Sector | High leverage warning suppressed
PNB | Financial Sector | High leverage warning suppressed
PNB | Financial Sector | High leverage warning suppressed
PNB | Financial Sector | High leverage warning suppressed
PNB | Financial Sector | High leverage warning suppressed
PNB | Financial Sector | High leverage warning suppressed
PNB | Financial Sector | High leverage warning suppressed
PNB | Financial Sector | High leverage warning suppressed
PNB | Financial Sector | High leverage warning suppressed
PNB | Financial Sector | High leverage warning suppressed
PNB | Financial Sector | High leverage warning suppressed
PNB | Financial Sector | High leverage warning suppressed
PNB | Financial Sector | High leverage warning suppressed
PNB | Financial Sector | High leverage warning suppressed
PNB | Financial Sector | High leverage warning suppressed
PNB | Financial Sector | High leverage warning suppressed
PNB | Financial Sector | High leverage warning suppressed
PNB | Financial Sector | High leverage warning suppressed
PNB | Financial Sector | High leverage warning suppressed
PNB | Financial Sector | High leverage warning suppressed
PNB | Financial Sector | High leverage warning suppressed
PNB | Financial Sector | High leverage warning suppressed
PNB | Financial Sector | High leverage warning suppressed
PNB | Financial Sector | High leverage warning suppressed
PNB | Financial Sector | High leverage warning suppressed
PNB | Financial Sector | High leverage warning suppressed
PNB | Financial Sector | High leverage warning suppressed
PNB | Financial Sector | High leverage warning suppressed
PNB | Financial Sector | High leverage warning suppressed
PNB | Financial Sector | High leverage warning suppressed
PNB | Financial Sector | High leverage warning suppressed
PNB | Financial Sector | High leverage warning suppressed
PNB | Financial Sector | High leverage warning suppressed
PNB | Financial Sector | High leverage warning suppressed
PNB | Financial Sector | High leverage warning suppressed
PNB | Financial Sector | High leverage warning suppressed
PNB | Financial Sector | High leverage warning suppressed
PNB | Financial Sector | High leverage warning suppressed
RECLTD | Financial Sector | High leverage warning suppressed
RECLTD | Financial Sector | High leverage warning suppressed
RECLTD | Financial Sector | High leverage warning suppressed
RECLTD | Financial Sector | High leverage warning suppressed
RECLTD | Financial Sector | High leverage warning suppressed
RECLTD | Financial Sector | High leverage warning suppressed
RECLTD | Financial Sector | High leverage warning suppressed
RECLTD | Financial Sector | High leverage warning suppressed
RECLTD | Financial Sector | High leverage warning suppressed
RECLTD | Financial Sector | High leverage warning suppressed
RECLTD | Financial Sector | High leverage warning suppressed
RECLTD | Financial Sector | High leverage warning suppressed
SBILIFE | Financial Sector | High leverage warning suppressed
SBILIFE | Financial Sector | High leverage warning suppressed
SBILIFE | Financial Sector | High leverage warning suppressed
SBILIFE | Financial Sector | High leverage warning suppressed
SBILIFE | Financial Sector | High leverage warning suppressed
SBILIFE | Financial Sector | High leverage warning suppressed
SBILIFE | Financial Sector | High leverage warning suppressed
SBILIFE | Financial Sector | High leverage warning suppressed
SBILIFE | Financial Sector | High leverage warning suppressed
SBILIFE | Financial Sector | High leverage warning suppressed
SBILIFE | Financial Sector | High leverage warning suppressed
SBILIFE | Financial Sector | High leverage warning suppressed
SBIN | Financial Sector | High leverage warning suppressed
SHRIRAMFIN | Financial Sector | High leverage warning suppressed
ABB | ROCE mismatch | Source=46.0 Calculated=31.22 Difference=14.78
ABB | ROCE mismatch | Source=46.0 Calculated=33.88 Difference=12.12
ABB | ROCE mismatch | Source=46.0 Calculated=33.88 Difference=12.12
ABB | ROCE mismatch | Source=46.0 Calculated=33.3 Difference=12.70
ABB | ROCE mismatch | Source=46.0 Calculated=33.3 Difference=12.70
ABB | ROCE mismatch | Source=46.0 Calculated=30.54 Difference=15.46
ABB | ROCE mismatch | Source=46.0 Calculated=30.54 Difference=15.46
ABB | ROCE mismatch | Source=46.0 Calculated=28.7 Difference=17.30
ABB | ROCE mismatch | Source=46.0 Calculated=28.7 Difference=17.30
ABB | ROCE mismatch | Source=46.0 Calculated=31.01 Difference=14.99
ABB | ROCE mismatch | Source=46.0 Calculated=31.01 Difference=14.99
ABB | ROCE mismatch | Source=46.0 Calculated=30.13 Difference=15.87
ABB | ROCE mismatch | Source=46.0 Calculated=30.13 Difference=15.87
ABB | ROCE mismatch | Source=46.0 Calculated=29.05 Difference=16.95
ABB | ROCE mismatch | Source=46.0 Calculated=29.05 Difference=16.95
ABB | ROCE mismatch | Source=46.0 Calculated=33.47 Difference=12.53
ABB | ROCE mismatch | Source=46.0 Calculated=33.47 Difference=12.53
ABB | ROCE mismatch | Source=46.0 Calculated=36.41 Difference=9.59
ABB | ROCE mismatch | Source=46.0 Calculated=36.41 Difference=9.59
ABB | ROCE mismatch | Source=46.0 Calculated=36.53 Difference=9.47
ABB | ROCE mismatch | Source=46.0 Calculated=36.53 Difference=9.47
ABB | ROCE mismatch | Source=46.0 Calculated=38.42 Difference=7.58
ABB | ROCE mismatch | Source=46.0 Calculated=38.42 Difference=7.58
ADANIENSOL | ROCE mismatch | Source=9.0 Calculated=0.0 Difference=9.00
ADANIENSOL | ROCE mismatch | Source=9.0 Calculated=0.94 Difference=8.06
ADANIENSOL | ROCE mismatch | Source=9.0 Calculated=17.12 Difference=8.12
ADANIENSOL | ROCE mismatch | Source=9.0 Calculated=16.63 Difference=7.63
ADANIENSOL | ROCE mismatch | Source=9.0 Calculated=17.14 Difference=8.14
ADANIENT | ROCE mismatch | Source=11.6 Calculated=5.17 Difference=6.43
ADANIENT | ROCE mismatch | Source=11.6 Calculated=5.44 Difference=6.16
ADANIENT | ROCE mismatch | Source=11.6 Calculated=6.23 Difference=5.37
ADANIENT | ROCE mismatch | Source=11.6 Calculated=5.82 Difference=5.78
ADANIGREEN | ROCE mismatch | Source=96.5 Calculated=7.26 Difference=89.24
ADANIGREEN | ROCE mismatch | Source=96.5 Calculated=7.52 Difference=88.98
ADANIGREEN | ROCE mismatch | Source=96.5 Calculated=11.67 Difference=84.83
ADANIGREEN | ROCE mismatch | Source=96.5 Calculated=8.42 Difference=88.08
ADANIGREEN | ROCE mismatch | Source=96.5 Calculated=8.49 Difference=88.01
ADANIGREEN | ROCE mismatch | Source=96.5 Calculated=6.33 Difference=90.17
ADANIGREEN | ROCE mismatch | Source=96.5 Calculated=8.08 Difference=88.42
ADANIGREEN | ROCE mismatch | Source=96.5 Calculated=9.8 Difference=86.70
ADANIPOWER | ROCE mismatch | Source=32.2 Calculated=2.08 Difference=30.12
ADANIPOWER | ROCE mismatch | Source=32.2 Calculated=9.06 Difference=23.14
ADANIPOWER | ROCE mismatch | Source=32.2 Calculated=9.27 Difference=22.93
ADANIPOWER | ROCE mismatch | Source=32.2 Calculated=14.62 Difference=17.58
ADANIPOWER | ROCE mismatch | Source=32.2 Calculated=10.78 Difference=21.42
ADANIPOWER | ROCE mismatch | Source=32.2 Calculated=10.12 Difference=22.08
ADANIPOWER | ROCE mismatch | Source=32.2 Calculated=9.11 Difference=23.09
ADANIPOWER | ROCE mismatch | Source=32.2 Calculated=9.3 Difference=22.90
ADANIPOWER | ROCE mismatch | Source=32.2 Calculated=13.24 Difference=18.96
ADANIPOWER | ROCE mismatch | Source=32.2 Calculated=14.62 Difference=17.58
ADANIPOWER | ROCE mismatch | Source=32.2 Calculated=13.98 Difference=18.22
ADANIPOWER | ROCE mismatch | Source=32.2 Calculated=23.44 Difference=8.76
AMBUJACEM | ROCE mismatch | Source=12.8 Calculated=27.92 Difference=15.12
AMBUJACEM | ROCE mismatch | Source=12.8 Calculated=19.14 Difference=6.34
AMBUJACEM | ROCE mismatch | Source=12.8 Calculated=18.64 Difference=5.84
AMBUJACEM | ROCE mismatch | Source=12.8 Calculated=17.9 Difference=5.10
AMBUJACEM | ROCE mismatch | Source=12.8 Calculated=19.06 Difference=6.26
AMBUJACEM | ROCE mismatch | Source=12.8 Calculated=21.55 Difference=8.75
AMBUJACEM | ROCE mismatch | Source=12.8 Calculated=24.04 Difference=11.24
APOLLOHOSP | ROCE mismatch | Source=17.2 Calculated=11.09 Difference=6.11
APOLLOHOSP | ROCE mismatch | Source=17.2 Calculated=11.4 Difference=5.80
APOLLOHOSP | ROCE mismatch | Source=17.2 Calculated=11.99 Difference=5.21
APOLLOHOSP | ROCE mismatch | Source=17.2 Calculated=22.94 Difference=5.74
APOLLOHOSP | ROCE mismatch | Source=17.2 Calculated=22.59 Difference=5.39
ASIANPAINT | ROCE mismatch | Source=41.75 Calculated=47.79 Difference=6.04
ASIANPAINT | ROCE mismatch | Source=41.75 Calculated=47.79 Difference=6.04
ASIANPAINT | ROCE mismatch | Source=41.75 Calculated=47.79 Difference=6.04
ASIANPAINT | ROCE mismatch | Source=41.75 Calculated=47.79 Difference=6.04
ASIANPAINT | ROCE mismatch | Source=41.75 Calculated=36.67 Difference=5.08
ASIANPAINT | ROCE mismatch | Source=41.75 Calculated=36.67 Difference=5.08
ASIANPAINT | ROCE mismatch | Source=41.75 Calculated=36.67 Difference=5.08
ASIANPAINT | ROCE mismatch | Source=41.75 Calculated=36.67 Difference=5.08
ASIANPAINT | ROCE mismatch | Source=41.75 Calculated=35.83 Difference=5.92
ASIANPAINT | ROCE mismatch | Source=41.75 Calculated=35.83 Difference=5.92
ASIANPAINT | ROCE mismatch | Source=41.75 Calculated=35.83 Difference=5.92
ASIANPAINT | ROCE mismatch | Source=41.75 Calculated=35.83 Difference=5.92
ASIANPAINT | ROCE mismatch | Source=41.75 Calculated=34.89 Difference=6.86
ASIANPAINT | ROCE mismatch | Source=41.75 Calculated=34.89 Difference=6.86
ASIANPAINT | ROCE mismatch | Source=41.75 Calculated=34.89 Difference=6.86
ASIANPAINT | ROCE mismatch | Source=41.75 Calculated=34.89 Difference=6.86
ASIANPAINT | ROCE mismatch | Source=41.75 Calculated=34.94 Difference=6.81
ASIANPAINT | ROCE mismatch | Source=41.75 Calculated=34.94 Difference=6.81
ASIANPAINT | ROCE mismatch | Source=41.75 Calculated=34.94 Difference=6.81
ASIANPAINT | ROCE mismatch | Source=41.75 Calculated=34.94 Difference=6.81
ASIANPAINT | ROCE mismatch | Source=41.75 Calculated=31.2 Difference=10.55
ASIANPAINT | ROCE mismatch | Source=41.75 Calculated=31.2 Difference=10.55
ASIANPAINT | ROCE mismatch | Source=41.75 Calculated=31.2 Difference=10.55
ASIANPAINT | ROCE mismatch | Source=41.75 Calculated=31.2 Difference=10.55
ASIANPAINT | ROCE mismatch | Source=41.75 Calculated=34.92 Difference=6.83
ASIANPAINT | ROCE mismatch | Source=41.75 Calculated=34.92 Difference=6.83
ASIANPAINT | ROCE mismatch | Source=41.75 Calculated=34.92 Difference=6.83
ASIANPAINT | ROCE mismatch | Source=41.75 Calculated=34.92 Difference=6.83
ASIANPAINT | ROCE mismatch | Source=41.75 Calculated=35.77 Difference=5.98
ASIANPAINT | ROCE mismatch | Source=41.75 Calculated=35.77 Difference=5.98
ASIANPAINT | ROCE mismatch | Source=41.75 Calculated=35.77 Difference=5.98
ASIANPAINT | ROCE mismatch | Source=41.75 Calculated=35.77 Difference=5.98
ATGL | ROCE mismatch | Source=21.2 Calculated=15.5 Difference=5.70
ATGL | ROCE mismatch | Source=21.2 Calculated=30.41 Difference=9.21
ATGL | ROCE mismatch | Source=21.2 Calculated=31.33 Difference=10.13
ATGL | ROCE mismatch | Source=21.2 Calculated=28.58 Difference=7.38
BAJAJ-AUTO | ROCE mismatch | Source=33.5 Calculated=44.69 Difference=11.19
BAJAJ-AUTO | ROCE mismatch | Source=33.5 Calculated=40.71 Difference=7.21
BAJAJ-AUTO | ROCE mismatch | Source=33.5 Calculated=24.64 Difference=8.86
BAJAJ-AUTO | ROCE mismatch | Source=33.5 Calculated=23.59 Difference=9.91
BAJAJ-AUTO | ROCE mismatch | Source=33.5 Calculated=22.25 Difference=11.25
BAJAJ-AUTO | ROCE mismatch | Source=33.5 Calculated=23.45 Difference=10.05
BAJAJ-AUTO | ROCE mismatch | Source=33.5 Calculated=18.03 Difference=15.47
BAJAJ-AUTO | ROCE mismatch | Source=33.5 Calculated=17.54 Difference=15.96
BAJAJ-AUTO | ROCE mismatch | Source=33.5 Calculated=21.93 Difference=11.57
BAJAJ-AUTO | ROCE mismatch | Source=33.5 Calculated=28.39 Difference=5.11
BAJAJFINSV | ROCE mismatch | Source=21.14 Calculated=15.58 Difference=5.56
BAJAJFINSV | ROCE mismatch | Source=21.14 Calculated=14.73 Difference=6.41
BAJAJFINSV | ROCE mismatch | Source=21.14 Calculated=13.57 Difference=7.57
BAJAJFINSV | ROCE mismatch | Source=21.14 Calculated=13.52 Difference=7.62
BAJAJFINSV | ROCE mismatch | Source=21.14 Calculated=12.52 Difference=8.62
BAJAJFINSV | ROCE mismatch | Source=21.14 Calculated=12.18 Difference=8.96
BAJAJFINSV | ROCE mismatch | Source=21.14 Calculated=11.52 Difference=9.62
BAJAJFINSV | ROCE mismatch | Source=21.14 Calculated=11.96 Difference=9.18
BAJAJFINSV | ROCE mismatch | Source=21.14 Calculated=10.65 Difference=10.49
BAJAJFINSV | ROCE mismatch | Source=21.14 Calculated=11.55 Difference=9.59
BAJAJFINSV | ROCE mismatch | Source=21.14 Calculated=11.71 Difference=9.43
BAJAJHLDNG | ROCE mismatch | Source=13.1 Calculated=3.11 Difference=9.99
BAJAJHLDNG | ROCE mismatch | Source=13.1 Calculated=3.33 Difference=9.77
BAJAJHLDNG | ROCE mismatch | Source=13.1 Calculated=3.61 Difference=9.49
BAJAJHLDNG | ROCE mismatch | Source=13.1 Calculated=2.81 Difference=10.29
BAJAJHLDNG | ROCE mismatch | Source=13.1 Calculated=3.52 Difference=9.58
BAJAJHLDNG | ROCE mismatch | Source=13.1 Calculated=1.41 Difference=11.69
BAJAJHLDNG | ROCE mismatch | Source=13.1 Calculated=1.29 Difference=11.81
BAJAJHLDNG | ROCE mismatch | Source=13.1 Calculated=1.08 Difference=12.02
BAJAJHLDNG | ROCE mismatch | Source=13.1 Calculated=0.94 Difference=12.16
BAJAJHLDNG | ROCE mismatch | Source=13.1 Calculated=0.85 Difference=12.25
BAJAJHLDNG | ROCE mismatch | Source=13.1 Calculated=0.86 Difference=12.24
BAJAJHLDNG | ROCE mismatch | Source=13.1 Calculated=2.88 Difference=10.22
BAJFINANCE | ROCE mismatch | Source=11.9 Calculated=5.57 Difference=6.33
BAJFINANCE | ROCE mismatch | Source=11.9 Calculated=5.3 Difference=6.60
BAJFINANCE | ROCE mismatch | Source=11.9 Calculated=5.52 Difference=6.38
BAJFINANCE | ROCE mismatch | Source=11.9 Calculated=4.99 Difference=6.91
BAJFINANCE | ROCE mismatch | Source=11.9 Calculated=4.5 Difference=7.40
BAJFINANCE | ROCE mismatch | Source=11.9 Calculated=5.65 Difference=6.25
BAJFINANCE | ROCE mismatch | Source=11.9 Calculated=6.43 Difference=5.47
BAJFINANCE | ROCE mismatch | Source=11.9 Calculated=5.69 Difference=6.21
BAJFINANCE | ROCE mismatch | Source=11.9 Calculated=4.68 Difference=7.22
BAJFINANCE | ROCE mismatch | Source=11.9 Calculated=4.35 Difference=7.55
BEL | ROCE mismatch | Source=34.6 Calculated=2230.0 Difference=2195.40
BEL | ROCE mismatch | Source=34.6 Calculated=3303.57 Difference=3268.97
BEL | ROCE mismatch | Source=34.6 Calculated=3572.73 Difference=3538.13
BEL | ROCE mismatch | Source=34.6 Calculated=3764.86 Difference=3730.26
BEL | ROCE mismatch | Source=34.6 Calculated=4072.73 Difference=4038.13
BEL | ROCE mismatch | Source=34.6 Calculated=2581.01 Difference=2546.41
BEL | ROCE mismatch | Source=34.6 Calculated=3030.21 Difference=2995.61
BEL | ROCE mismatch | Source=34.6 Calculated=2786.87 Difference=2752.27
BEL | ROCE mismatch | Source=34.6 Calculated=2975.93 Difference=2941.33
BEL | ROCE mismatch | Source=34.6 Calculated=2633.07 Difference=2598.47
BEL | ROCE mismatch | Source=34.6 Calculated=3587.72 Difference=3553.12
BEL | ROCE mismatch | Source=34.6 Calculated=3977.17 Difference=3942.57
BHARTIARTL | ROCE mismatch | Source=13.1 Calculated=19.61 Difference=6.51
BHARTIARTL | ROCE mismatch | Source=13.1 Calculated=19.54 Difference=6.44
BHARTIARTL | ROCE mismatch | Source=13.1 Calculated=27.28 Difference=14.18
BHARTIARTL | ROCE mismatch | Source=13.1 Calculated=20.3 Difference=7.20
BHARTIARTL | ROCE mismatch | Source=13.1 Calculated=20.22 Difference=7.12
BHARTIARTL | ROCE mismatch | Source=13.1 Calculated=20.42 Difference=7.32
BHARTIARTL | ROCE mismatch | Source=13.1 Calculated=24.35 Difference=11.25
BHARTIARTL | ROCE mismatch | Source=13.1 Calculated=23.48 Difference=10.38
BHARTIARTL | ROCE mismatch | Source=13.1 Calculated=26.25 Difference=13.15
BHEL | ROCE mismatch | Source=3.28 Calculated=28.52 Difference=25.24
BHEL | ROCE mismatch | Source=3.28 Calculated=12.09 Difference=8.81
BHEL | ROCE mismatch | Source=3.28 Calculated=-4.17 Difference=7.45
BHEL | ROCE mismatch | Source=3.28 Calculated=-9.86 Difference=13.14
BOSCHLTD | ROCE mismatch | Source=20.6 Calculated=26.56 Difference=5.96
BOSCHLTD | ROCE mismatch | Source=20.6 Calculated=11.77 Difference=8.83
BOSCHLTD | ROCE mismatch | Source=20.6 Calculated=13.59 Difference=7.01
BPCL | ROCE mismatch | Source=32.1 Calculated=13.44 Difference=18.66
BPCL | ROCE mismatch | Source=32.1 Calculated=17.9 Difference=14.20
BPCL | ROCE mismatch | Source=32.1 Calculated=20.35 Difference=11.75
BPCL | ROCE mismatch | Source=32.1 Calculated=25.34 Difference=6.76
BPCL | ROCE mismatch | Source=32.1 Calculated=20.71 Difference=11.39
BPCL | ROCE mismatch | Source=32.1 Calculated=20.62 Difference=11.48
BPCL | ROCE mismatch | Source=32.1 Calculated=18.08 Difference=14.02
BPCL | ROCE mismatch | Source=32.1 Calculated=8.8 Difference=23.30
BPCL | ROCE mismatch | Source=32.1 Calculated=19.43 Difference=12.67
BPCL | ROCE mismatch | Source=32.1 Calculated=16.44 Difference=15.66
BPCL | ROCE mismatch | Source=32.1 Calculated=8.87 Difference=23.23
BRITANNIA | ROCE mismatch | Source=48.9 Calculated=66.14 Difference=17.24
BRITANNIA | ROCE mismatch | Source=48.9 Calculated=62.59 Difference=13.69
BRITANNIA | ROCE mismatch | Source=48.9 Calculated=55.06 Difference=6.16
BRITANNIA | ROCE mismatch | Source=48.9 Calculated=41.61 Difference=7.29
BRITANNIA | ROCE mismatch | Source=48.9 Calculated=39.28 Difference=9.62
BRITANNIA | ROCE mismatch | Source=48.9 Calculated=31.02 Difference=17.88
BRITANNIA | ROCE mismatch | Source=48.9 Calculated=43.68 Difference=5.22
BRITANNIA | ROCE mismatch | Source=48.9 Calculated=43.35 Difference=5.55
CHOLAFIN | ROCE mismatch | Source=10.4 Calculated=4.0 Difference=6.40
CHOLAFIN | ROCE mismatch | Source=10.4 Calculated=4.58 Difference=5.82
CHOLAFIN | ROCE mismatch | Source=10.4 Calculated=4.69 Difference=5.71
CHOLAFIN | ROCE mismatch | Source=10.4 Calculated=4.83 Difference=5.57
CHOLAFIN | ROCE mismatch | Source=10.4 Calculated=4.66 Difference=5.74
CHOLAFIN | ROCE mismatch | Source=10.4 Calculated=3.34 Difference=7.06
CHOLAFIN | ROCE mismatch | Source=10.4 Calculated=2.87 Difference=7.53
CHOLAFIN | ROCE mismatch | Source=10.4 Calculated=3.83 Difference=6.57
CHOLAFIN | ROCE mismatch | Source=10.4 Calculated=3.97 Difference=6.43
CHOLAFIN | ROCE mismatch | Source=10.4 Calculated=3.61 Difference=6.79
CHOLAFIN | ROCE mismatch | Source=10.4 Calculated=3.24 Difference=7.16
CHOLAFIN | ROCE mismatch | Source=10.4 Calculated=3.5 Difference=6.90
CIPLA | ROCE mismatch | Source=22.8 Calculated=60.74 Difference=37.94
CIPLA | ROCE mismatch | Source=22.8 Calculated=71.03 Difference=48.23
CIPLA | ROCE mismatch | Source=22.8 Calculated=73.43 Difference=50.63
CIPLA | ROCE mismatch | Source=22.8 Calculated=67.65 Difference=44.85
CIPLA | ROCE mismatch | Source=22.8 Calculated=71.43 Difference=48.63
CIPLA | ROCE mismatch | Source=22.8 Calculated=67.27 Difference=44.47
CIPLA | ROCE mismatch | Source=22.8 Calculated=68.63 Difference=45.83
CIPLA | ROCE mismatch | Source=22.8 Calculated=74.96 Difference=52.16
CIPLA | ROCE mismatch | Source=22.8 Calculated=73.29 Difference=50.49
CIPLA | ROCE mismatch | Source=22.8 Calculated=78.6 Difference=55.80
CIPLA | ROCE mismatch | Source=22.8 Calculated=73.22 Difference=50.42
CIPLA | ROCE mismatch | Source=22.8 Calculated=71.46 Difference=48.66
COALINDIA | ROCE mismatch | Source=63.6 Calculated=100.88 Difference=37.28
COALINDIA | ROCE mismatch | Source=63.6 Calculated=124.09 Difference=60.49
COALINDIA | ROCE mismatch | Source=63.6 Calculated=139.29 Difference=75.69
COALINDIA | ROCE mismatch | Source=63.6 Calculated=164.15 Difference=100.55
COALINDIA | ROCE mismatch | Source=63.6 Calculated=238.69 Difference=175.09
COALINDIA | ROCE mismatch | Source=63.6 Calculated=349.77 Difference=286.17
COALINDIA | ROCE mismatch | Source=63.6 Calculated=260.17 Difference=196.57
COALINDIA | ROCE mismatch | Source=63.6 Calculated=193.05 Difference=129.45
COALINDIA | ROCE mismatch | Source=63.6 Calculated=168.38 Difference=104.78
COALINDIA | ROCE mismatch | Source=63.6 Calculated=182.17 Difference=118.57
COALINDIA | ROCE mismatch | Source=63.6 Calculated=144.26 Difference=80.66
COALINDIA | ROCE mismatch | Source=63.6 Calculated=105.71 Difference=42.11
DABUR | ROCE mismatch | Source=22.3 Calculated=30.56 Difference=8.26
DABUR | ROCE mismatch | Source=22.3 Calculated=34.54 Difference=12.24
DABUR | ROCE mismatch | Source=22.3 Calculated=32.29 Difference=9.99
DABUR | ROCE mismatch | Source=22.3 Calculated=30.51 Difference=8.21
DABUR | ROCE mismatch | Source=22.3 Calculated=27.48 Difference=5.18
DIVISLAB | ROCE mismatch | Source=16.5 Calculated=32.2 Difference=15.70
DIVISLAB | ROCE mismatch | Source=16.5 Calculated=34.14 Difference=17.64
DIVISLAB | ROCE mismatch | Source=16.5 Calculated=33.3 Difference=16.80
DIVISLAB | ROCE mismatch | Source=16.5 Calculated=32.83 Difference=16.33
DIVISLAB | ROCE mismatch | Source=16.5 Calculated=26.89 Difference=10.39
DIVISLAB | ROCE mismatch | Source=16.5 Calculated=26.53 Difference=10.03
DIVISLAB | ROCE mismatch | Source=16.5 Calculated=24.85 Difference=8.35
DIVISLAB | ROCE mismatch | Source=16.5 Calculated=30.83 Difference=14.33
DIVISLAB | ROCE mismatch | Source=16.5 Calculated=33.11 Difference=16.61
DMART | ROCE mismatch | Source=19.4 Calculated=24.47 Difference=5.07
DMART | ROCE mismatch | Source=19.4 Calculated=26.49 Difference=7.09
DMART | ROCE mismatch | Source=19.4 Calculated=25.97 Difference=6.57
DMART | ROCE mismatch | Source=19.4 Calculated=13.87 Difference=5.53
DRREDDY | ROCE mismatch | Source=26.5 Calculated=14.39 Difference=12.11
DRREDDY | ROCE mismatch | Source=26.5 Calculated=13.33 Difference=13.17
DRREDDY | ROCE mismatch | Source=26.5 Calculated=17.79 Difference=8.71
DRREDDY | ROCE mismatch | Source=26.5 Calculated=13.91 Difference=12.59
DRREDDY | ROCE mismatch | Source=26.5 Calculated=18.74 Difference=7.76
DRREDDY | ROCE mismatch | Source=26.5 Calculated=16.68 Difference=9.82
EICHERMOT | ROCE mismatch | Source=31.1 Calculated=43.43 Difference=12.33
EICHERMOT | ROCE mismatch | Source=31.1 Calculated=45.97 Difference=14.87
EICHERMOT | ROCE mismatch | Source=31.1 Calculated=39.84 Difference=8.74
EICHERMOT | ROCE mismatch | Source=31.1 Calculated=39.12 Difference=8.02
EICHERMOT | ROCE mismatch | Source=31.1 Calculated=21.34 Difference=9.76
EICHERMOT | ROCE mismatch | Source=31.1 Calculated=15.3 Difference=15.80
EICHERMOT | ROCE mismatch | Source=31.1 Calculated=17.13 Difference=13.97
EICHERMOT | ROCE mismatch | Source=31.1 Calculated=22.56 Difference=8.54
EICHERMOT | ROCE mismatch | Source=31.1 Calculated=23.45 Difference=7.65
GAIL | ROCE mismatch | Source=14.7 Calculated=20.61 Difference=5.91
GAIL | ROCE mismatch | Source=14.7 Calculated=20.68 Difference=5.98
GAIL | ROCE mismatch | Source=14.7 Calculated=9.06 Difference=5.64
GODREJCP | ROCE mismatch | Source=26.49 Calculated=17.25 Difference=9.24
GODREJCP | ROCE mismatch | Source=26.49 Calculated=19.01 Difference=7.48
GODREJCP | ROCE mismatch | Source=26.49 Calculated=19.62 Difference=6.87
GODREJCP | ROCE mismatch | Source=26.49 Calculated=20.5 Difference=5.99
GODREJCP | ROCE mismatch | Source=26.49 Calculated=21.34 Difference=5.15
GODREJCP | ROCE mismatch | Source=26.49 Calculated=20.02 Difference=6.47
GODREJCP | ROCE mismatch | Source=26.49 Calculated=18.77 Difference=7.72
GODREJCP | ROCE mismatch | Source=26.49 Calculated=21.22 Difference=5.27
GODREJCP | ROCE mismatch | Source=26.49 Calculated=18.17 Difference=8.32
GODREJCP | ROCE mismatch | Source=26.49 Calculated=16.37 Difference=10.12
GODREJCP | ROCE mismatch | Source=26.49 Calculated=18.69 Difference=7.80
GRASIM | ROCE mismatch | Source=9.3 Calculated=20.28 Difference=10.98
GRASIM | ROCE mismatch | Source=9.3 Calculated=15.7 Difference=6.40
GRASIM | ROCE mismatch | Source=9.3 Calculated=14.67 Difference=5.37
GRASIM | ROCE mismatch | Source=9.3 Calculated=14.8 Difference=5.50
GRASIM | ROCE mismatch | Source=9.3 Calculated=18.19 Difference=8.89
HAL | ROCE mismatch | Source=38.9 Calculated=1795.65 Difference=1756.75
HAL | ROCE mismatch | Source=38.9 Calculated=2397.04 Difference=2358.14
HAL | ROCE mismatch | Source=38.9 Calculated=2601.5 Difference=2562.60
HAL | ROCE mismatch | Source=38.9 Calculated=3240.43 Difference=3201.53
HAL | ROCE mismatch | Source=38.9 Calculated=3485.71 Difference=3446.81
HAL | ROCE mismatch | Source=38.9 Calculated=3560.67 Difference=3521.77
HAL | ROCE mismatch | Source=38.9 Calculated=3284.85 Difference=3245.95
HAL | ROCE mismatch | Source=38.9 Calculated=2977.23 Difference=2938.33
HAL | ROCE mismatch | Source=38.9 Calculated=3027.64 Difference=2988.74
HAVELLS | ROCE mismatch | Source=24.4 Calculated=33.68 Difference=9.28
HCLTECH | ROCE mismatch | Source=29.6 Calculated=39.98 Difference=10.38
HCLTECH | ROCE mismatch | Source=29.6 Calculated=39.07 Difference=9.47
HDFCBANK | ROCE mismatch | Source=7.67 Calculated=2.6 Difference=5.07
HDFCLIFE | ROCE mismatch | Source=6.61 Calculated=1012.34 Difference=1005.73
HDFCLIFE | ROCE mismatch | Source=6.61 Calculated=858.97 Difference=852.36
HDFCLIFE | ROCE mismatch | Source=6.61 Calculated=1036.64 Difference=1030.03
HDFCLIFE | ROCE mismatch | Source=6.61 Calculated=553.88 Difference=547.27
HDFCLIFE | ROCE mismatch | Source=6.61 Calculated=775.59 Difference=768.98
HDFCLIFE | ROCE mismatch | Source=6.61 Calculated=662.83 Difference=656.22
HDFCLIFE | ROCE mismatch | Source=6.61 Calculated=667.14 Difference=660.53
HDFCLIFE | ROCE mismatch | Source=6.61 Calculated=414.85 Difference=408.24
HDFCLIFE | ROCE mismatch | Source=6.61 Calculated=760.76 Difference=754.15
HDFCLIFE | ROCE mismatch | Source=6.61 Calculated=409.2 Difference=402.59
HDFCLIFE | ROCE mismatch | Source=6.61 Calculated=502.95 Difference=496.34
HDFCLIFE | ROCE mismatch | Source=6.61 Calculated=646.46 Difference=639.85
HEROMOTOCO | ROCE mismatch | Source=29.1 Calculated=367.73 Difference=338.63
HEROMOTOCO | ROCE mismatch | Source=29.1 Calculated=361.72 Difference=332.62
HEROMOTOCO | ROCE mismatch | Source=29.1 Calculated=265.09 Difference=235.99
HEROMOTOCO | ROCE mismatch | Source=29.1 Calculated=227.14 Difference=198.04
HEROMOTOCO | ROCE mismatch | Source=29.1 Calculated=222.33 Difference=193.23
HEROMOTOCO | ROCE mismatch | Source=29.1 Calculated=215.5 Difference=186.40
HEROMOTOCO | ROCE mismatch | Source=29.1 Calculated=169.49 Difference=140.39
HEROMOTOCO | ROCE mismatch | Source=29.1 Calculated=168.14 Difference=139.04
HEROMOTOCO | ROCE mismatch | Source=29.1 Calculated=159.83 Difference=130.73
HEROMOTOCO | ROCE mismatch | Source=29.1 Calculated=174.52 Difference=145.42
HEROMOTOCO | ROCE mismatch | Source=29.1 Calculated=177.84 Difference=148.74
HINDALCO | ROCE mismatch | Source=11.3 Calculated=78.56 Difference=67.26
HINDALCO | ROCE mismatch | Source=11.3 Calculated=75.62 Difference=64.32
HINDALCO | ROCE mismatch | Source=11.3 Calculated=89.36 Difference=78.06
HINDALCO | ROCE mismatch | Source=11.3 Calculated=84.12 Difference=72.82
HINDALCO | ROCE mismatch | Source=11.3 Calculated=79.97 Difference=68.67
HINDALCO | ROCE mismatch | Source=11.3 Calculated=94.91 Difference=83.61
HINDALCO | ROCE mismatch | Source=11.3 Calculated=104.65 Difference=93.35
HINDALCO | ROCE mismatch | Source=11.3 Calculated=81.95 Difference=70.65
HINDALCO | ROCE mismatch | Source=11.3 Calculated=85.58 Difference=74.28
HINDALCO | ROCE mismatch | Source=11.3 Calculated=116.85 Difference=105.55
HINDALCO | ROCE mismatch | Source=11.3 Calculated=129.3 Difference=118.00
HINDALCO | ROCE mismatch | Source=11.3 Calculated=118.21 Difference=106.91
HINDUNILVR | ROCE mismatch | Source=27.2 Calculated=788.37 Difference=761.17
HINDUNILVR | ROCE mismatch | Source=27.2 Calculated=683.09 Difference=655.89
HINDUNILVR | ROCE mismatch | Source=27.2 Calculated=652.58 Difference=625.38
HINDUNILVR | ROCE mismatch | Source=27.2 Calculated=389.27 Difference=362.07
HINDUNILVR | ROCE mismatch | Source=27.2 Calculated=382.2 Difference=355.00
HINDUNILVR | ROCE mismatch | Source=27.2 Calculated=385.19 Difference=357.99
HINDUNILVR | ROCE mismatch | Source=27.2 Calculated=382.0 Difference=354.80
HINDUNILVR | ROCE mismatch | Source=27.2 Calculated=363.62 Difference=336.42
HINDUNILVR | ROCE mismatch | Source=27.2 Calculated=74.26 Difference=47.06
HINDUNILVR | ROCE mismatch | Source=27.2 Calculated=79.01 Difference=51.81
HINDUNILVR | ROCE mismatch | Source=27.2 Calculated=90.12 Difference=62.92
HINDUNILVR | ROCE mismatch | Source=27.2 Calculated=89.63 Difference=62.43
ICICIGI | ROCE mismatch | Source=22.5 Calculated=224.12 Difference=201.62
ICICIGI | ROCE mismatch | Source=22.5 Calculated=191.23 Difference=168.73
ICICIGI | ROCE mismatch | Source=22.5 Calculated=154.4 Difference=131.90
ICICIGI | ROCE mismatch | Source=22.5 Calculated=162.77 Difference=140.27
ICICIGI | ROCE mismatch | Source=22.5 Calculated=150.5 Difference=128.00
ICICIGI | ROCE mismatch | Source=22.5 Calculated=142.74 Difference=120.24
ICICIGI | ROCE mismatch | Source=22.5 Calculated=161.33 Difference=138.83
ICICIGI | ROCE mismatch | Source=22.5 Calculated=147.23 Difference=124.73
ICICIGI | ROCE mismatch | Source=22.5 Calculated=124.81 Difference=102.31
ICICIGI | ROCE mismatch | Source=22.5 Calculated=158.87 Difference=136.37
ICICIGI | ROCE mismatch | Source=22.5 Calculated=158.53 Difference=136.03
ICICIGI | ROCE mismatch | Source=22.5 Calculated=146.32 Difference=123.82
ICICIPRULI | ROCE mismatch | Source=8.75 Calculated=486.75 Difference=478.00
ICICIPRULI | ROCE mismatch | Source=8.75 Calculated=465.07 Difference=456.32
ICICIPRULI | ROCE mismatch | Source=8.75 Calculated=622.94 Difference=614.19
ICICIPRULI | ROCE mismatch | Source=8.75 Calculated=299.24 Difference=290.49
ICICIPRULI | ROCE mismatch | Source=8.75 Calculated=562.13 Difference=553.38
ICICIPRULI | ROCE mismatch | Source=8.75 Calculated=563.77 Difference=555.02
ICICIPRULI | ROCE mismatch | Source=8.75 Calculated=595.58 Difference=586.83
ICICIPRULI | ROCE mismatch | Source=8.75 Calculated=295.91 Difference=287.16
ICICIPRULI | ROCE mismatch | Source=8.75 Calculated=810.67 Difference=801.92
ICICIPRULI | ROCE mismatch | Source=8.75 Calculated=634.56 Difference=625.81
ICICIPRULI | ROCE mismatch | Source=8.75 Calculated=462.67 Difference=453.92
ICICIPRULI | ROCE mismatch | Source=8.75 Calculated=754.9 Difference=746.15
INDUSINDBK | ROCE mismatch | Source=7.93 Calculated=2.73 Difference=5.20
INFY | ROCE mismatch | Source=40.0 Calculated=30.37 Difference=9.63
INFY | ROCE mismatch | Source=40.0 Calculated=30.07 Difference=9.93
INFY | ROCE mismatch | Source=40.0 Calculated=29.33 Difference=10.67
INFY | ROCE mismatch | Source=40.0 Calculated=27.66 Difference=12.34
INFY | ROCE mismatch | Source=40.0 Calculated=26.97 Difference=13.03
INFY | ROCE mismatch | Source=40.0 Calculated=28.99 Difference=11.01
INFY | ROCE mismatch | Source=40.0 Calculated=31.06 Difference=8.94
INFY | ROCE mismatch | Source=40.0 Calculated=31.77 Difference=8.23
INFY | ROCE mismatch | Source=40.0 Calculated=34.15 Difference=5.85
IOC | ROCE mismatch | Source=21.31 Calculated=9.08 Difference=12.23
IOC | ROCE mismatch | Source=21.31 Calculated=10.58 Difference=10.73
IOC | ROCE mismatch | Source=21.31 Calculated=7.91 Difference=13.40
IOC | ROCE mismatch | Source=21.31 Calculated=14.84 Difference=6.47
IOC | ROCE mismatch | Source=21.31 Calculated=7.13 Difference=14.18
IOC | ROCE mismatch | Source=21.31 Calculated=10.63 Difference=10.68
IRCTC | ROCE mismatch | Source=53.8 Calculated=34.23 Difference=19.57
IRCTC | ROCE mismatch | Source=53.8 Calculated=35.06 Difference=18.74
IRCTC | ROCE mismatch | Source=53.8 Calculated=39.9 Difference=13.90
IRCTC | ROCE mismatch | Source=53.8 Calculated=28.69 Difference=25.11
IRCTC | ROCE mismatch | Source=53.8 Calculated=35.76 Difference=18.04
IRCTC | ROCE mismatch | Source=53.8 Calculated=12.25 Difference=41.55
IRCTC | ROCE mismatch | Source=53.8 Calculated=44.25 Difference=9.55
IRCTC | ROCE mismatch | Source=53.8 Calculated=44.56 Difference=9.24
ITC | ROCE mismatch | Source=34.76 Calculated=48.24 Difference=13.48
ITC | ROCE mismatch | Source=34.76 Calculated=47.6 Difference=12.84
ITC | ROCE mismatch | Source=34.76 Calculated=44.53 Difference=9.77
ITC | ROCE mismatch | Source=34.76 Calculated=29.51 Difference=5.25
ITC | ROCE mismatch | Source=34.76 Calculated=28.15 Difference=6.61
JINDALSTEL | ROCE mismatch | Source=13.2 Calculated=4.34 Difference=8.86
JINDALSTEL | ROCE mismatch | Source=13.2 Calculated=6.2 Difference=7.00
JINDALSTEL | ROCE mismatch | Source=13.2 Calculated=31.58 Difference=18.38
JINDALSTEL | ROCE mismatch | Source=13.2 Calculated=19.21 Difference=6.01
JSWENERGY | ROCE mismatch | Source=8.59 Calculated=16.89 Difference=8.30
JSWENERGY | ROCE mismatch | Source=8.59 Calculated=19.52 Difference=10.93
JSWENERGY | ROCE mismatch | Source=8.59 Calculated=21.56 Difference=12.97
JSWENERGY | ROCE mismatch | Source=8.59 Calculated=16.4 Difference=7.81
JSWENERGY | ROCE mismatch | Source=8.59 Calculated=13.76 Difference=5.17
JSWSTEEL | ROCE mismatch | Source=13.36 Calculated=18.65 Difference=5.29
JSWSTEEL | ROCE mismatch | Source=13.36 Calculated=22.13 Difference=8.77
JSWSTEEL | ROCE mismatch | Source=13.36 Calculated=23.03 Difference=9.67
JSWSTEEL | ROCE mismatch | Source=13.36 Calculated=18.49 Difference=5.13
JSWSTEEL | ROCE mismatch | Source=13.36 Calculated=28.03 Difference=14.67
LICI | ROCE mismatch | Source=63.79 Calculated=2.19 Difference=61.60
LICI | ROCE mismatch | Source=63.79 Calculated=-2.73 Difference=66.52
LICI | ROCE mismatch | Source=63.79 Calculated=-3.66 Difference=67.45
LICI | ROCE mismatch | Source=63.79 Calculated=29.33 Difference=34.46
LICI | ROCE mismatch | Source=63.79 Calculated=73.99 Difference=10.20
LICI | ROCE mismatch | Source=63.79 Calculated=39.61 Difference=24.18
LODHA | ROCE mismatch | Source=11.1 Calculated=6.06 Difference=5.04
LODHA | ROCE mismatch | Source=11.1 Calculated=6.07 Difference=5.03
LT | ROCE mismatch | Source=17.18 Calculated=724.35 Difference=707.17
LT | ROCE mismatch | Source=17.18 Calculated=818.95 Difference=801.77
LT | ROCE mismatch | Source=17.18 Calculated=698.93 Difference=681.75
LT | ROCE mismatch | Source=17.18 Calculated=710.37 Difference=693.19
LT | ROCE mismatch | Source=17.18 Calculated=528.63 Difference=511.45
LT | ROCE mismatch | Source=17.18 Calculated=521.01 Difference=503.83
LT | ROCE mismatch | Source=17.18 Calculated=467.32 Difference=450.14
LT | ROCE mismatch | Source=17.18 Calculated=388.74 Difference=371.56
LT | ROCE mismatch | Source=17.18 Calculated=289.56 Difference=272.38
LT | ROCE mismatch | Source=17.18 Calculated=167.15 Difference=149.97
LT | ROCE mismatch | Source=17.18 Calculated=149.82 Difference=132.64
LT | ROCE mismatch | Source=17.18 Calculated=135.2 Difference=118.02
LTIM | ROCE mismatch | Source=34.1 Calculated=55.31 Difference=21.21
LTIM | ROCE mismatch | Source=34.1 Calculated=66.69 Difference=32.59
LTIM | ROCE mismatch | Source=34.1 Calculated=44.79 Difference=10.69
LTIM | ROCE mismatch | Source=34.1 Calculated=47.16 Difference=13.06
LTIM | ROCE mismatch | Source=34.1 Calculated=39.12 Difference=5.02
LTIM | ROCE mismatch | Source=34.1 Calculated=28.91 Difference=5.19
M&M | ROCE mismatch | Source=26.98 Calculated=18.73 Difference=8.25
M&M | ROCE mismatch | Source=26.98 Calculated=17.39 Difference=9.59
M&M | ROCE mismatch | Source=26.98 Calculated=13.79 Difference=13.19
M&M | ROCE mismatch | Source=26.98 Calculated=14.82 Difference=12.16
M&M | ROCE mismatch | Source=26.98 Calculated=13.67 Difference=13.31
M&M | ROCE mismatch | Source=26.98 Calculated=14.27 Difference=12.71
M&M | ROCE mismatch | Source=26.98 Calculated=13.72 Difference=13.26
M&M | ROCE mismatch | Source=26.98 Calculated=8.32 Difference=18.66
M&M | ROCE mismatch | Source=26.98 Calculated=9.4 Difference=17.58
M&M | ROCE mismatch | Source=26.98 Calculated=11.77 Difference=15.21
M&M | ROCE mismatch | Source=26.98 Calculated=13.65 Difference=13.33
M&M | ROCE mismatch | Source=26.98 Calculated=14.24 Difference=12.74
MARUTI | ROCE mismatch | Source=23.67 Calculated=29.25 Difference=5.58
MARUTI | ROCE mismatch | Source=23.67 Calculated=14.83 Difference=8.84
MARUTI | ROCE mismatch | Source=23.67 Calculated=10.2 Difference=13.47
MARUTI | ROCE mismatch | Source=23.67 Calculated=10.32 Difference=13.35
MARUTI | ROCE mismatch | Source=23.67 Calculated=17.3 Difference=6.37
MOTHERSON | ROCE mismatch | Source=13.7 Calculated=20.58 Difference=6.88
MOTHERSON | ROCE mismatch | Source=13.7 Calculated=30.73 Difference=17.03
MOTHERSON | ROCE mismatch | Source=13.7 Calculated=33.64 Difference=19.94
MOTHERSON | ROCE mismatch | Source=13.7 Calculated=33.9 Difference=20.20
MOTHERSON | ROCE mismatch | Source=13.7 Calculated=22.4 Difference=8.70
MOTHERSON | ROCE mismatch | Source=13.7 Calculated=25.31 Difference=11.61
MOTHERSON | ROCE mismatch | Source=13.7 Calculated=23.77 Difference=10.07
MOTHERSON | ROCE mismatch | Source=13.7 Calculated=19.08 Difference=5.38
MOTHERSON | ROCE mismatch | Source=13.7 Calculated=20.23 Difference=6.53
NAUKRI | ROCE mismatch | Source=3.65 Calculated=19.87 Difference=16.22
NAUKRI | ROCE mismatch | Source=3.65 Calculated=14.41 Difference=10.76
NAUKRI | ROCE mismatch | Source=3.65 Calculated=10.7 Difference=7.05
NAUKRI | ROCE mismatch | Source=3.65 Calculated=-15.4 Difference=19.05
NESTLEIND | ROCE mismatch | Source=185.43 Calculated=54.77 Difference=130.66
NESTLEIND | ROCE mismatch | Source=185.43 Calculated=71.37 Difference=114.06
NESTLEIND | ROCE mismatch | Source=185.43 Calculated=54.85 Difference=130.58
NESTLEIND | ROCE mismatch | Source=185.43 Calculated=55.81 Difference=129.62
NESTLEIND | ROCE mismatch | Source=185.43 Calculated=60.69 Difference=124.74
NESTLEIND | ROCE mismatch | Source=185.43 Calculated=70.6 Difference=114.83
NESTLEIND | ROCE mismatch | Source=185.43 Calculated=138.87 Difference=46.56
NESTLEIND | ROCE mismatch | Source=185.43 Calculated=147.83 Difference=37.60
NESTLEIND | ROCE mismatch | Source=185.43 Calculated=161.03 Difference=24.40
NESTLEIND | ROCE mismatch | Source=185.43 Calculated=135.75 Difference=49.68
NESTLEIND | ROCE mismatch | Source=185.43 Calculated=163.77 Difference=21.66
NESTLEIND | ROCE mismatch | Source=185.43 Calculated=157.75 Difference=27.68
ONGC | ROCE mismatch | Source=19.71 Calculated=25.11 Difference=5.40
ONGC | ROCE mismatch | Source=19.71 Calculated=13.97 Difference=5.74
PFC | ROCE mismatch | Source=9.96 Calculated=3.67 Difference=6.29
PFC | ROCE mismatch | Source=9.96 Calculated=4.07 Difference=5.89
PFC | ROCE mismatch | Source=9.96 Calculated=3.83 Difference=6.13
PFC | ROCE mismatch | Source=9.96 Calculated=3.87 Difference=6.09
PFC | ROCE mismatch | Source=9.96 Calculated=2.2 Difference=7.76
PFC | ROCE mismatch | Source=9.96 Calculated=2.44 Difference=7.52
PFC | ROCE mismatch | Source=9.96 Calculated=3.03 Difference=6.93
PFC | ROCE mismatch | Source=9.96 Calculated=2.17 Difference=7.79
PFC | ROCE mismatch | Source=9.96 Calculated=2.76 Difference=7.20
PFC | ROCE mismatch | Source=9.96 Calculated=3.19 Difference=6.77
PFC | ROCE mismatch | Source=9.96 Calculated=3.17 Difference=6.79
PFC | ROCE mismatch | Source=9.96 Calculated=3.49 Difference=6.47
PIDILITIND | ROCE mismatch | Source=29.7 Calculated=43.16 Difference=13.46
PIDILITIND | ROCE mismatch | Source=29.7 Calculated=35.36 Difference=5.66
PIDILITIND | ROCE mismatch | Source=29.7 Calculated=36.25 Difference=6.55
POWERGRID | ROCE mismatch | Source=13.2 Calculated=18.7 Difference=5.50
POWERGRID | ROCE mismatch | Source=13.2 Calculated=18.7 Difference=5.50
POWERGRID | ROCE mismatch | Source=13.2 Calculated=18.7 Difference=5.50
POWERGRID | ROCE mismatch | Source=13.2 Calculated=18.7 Difference=5.50
POWERGRID | ROCE mismatch | Source=13.2 Calculated=18.91 Difference=5.71
POWERGRID | ROCE mismatch | Source=13.2 Calculated=18.91 Difference=5.71
POWERGRID | ROCE mismatch | Source=13.2 Calculated=18.91 Difference=5.71
POWERGRID | ROCE mismatch | Source=13.2 Calculated=18.91 Difference=5.71
SBILIFE | ROCE mismatch | Source=13.2 Calculated=19.58 Difference=6.38
SBILIFE | ROCE mismatch | Source=13.2 Calculated=19.44 Difference=6.24
SBILIFE | ROCE mismatch | Source=13.2 Calculated=19.24 Difference=6.04
SBILIFE | ROCE mismatch | Source=13.2 Calculated=20.4 Difference=7.20
SBILIFE | ROCE mismatch | Source=13.2 Calculated=19.46 Difference=6.26
SBILIFE | ROCE mismatch | Source=13.2 Calculated=6.28 Difference=6.92
SBILIFE | ROCE mismatch | Source=13.2 Calculated=0.94 Difference=12.26
SBILIFE | ROCE mismatch | Source=13.2 Calculated=1.65 Difference=11.55
ABB | ROE mismatch | Source=34.9 Calculated=22.41 Difference=12.49
ABB | ROE mismatch | Source=34.9 Calculated=25.13 Difference=9.77
ABB | ROE mismatch | Source=34.9 Calculated=25.13 Difference=9.77
ABB | ROE mismatch | Source=34.9 Calculated=24.44 Difference=10.46
ABB | ROE mismatch | Source=34.9 Calculated=24.44 Difference=10.46
ABB | ROE mismatch | Source=34.9 Calculated=21.34 Difference=13.56
ABB | ROE mismatch | Source=34.9 Calculated=21.34 Difference=13.56
ABB | ROE mismatch | Source=34.9 Calculated=19.97 Difference=14.93
ABB | ROE mismatch | Source=34.9 Calculated=19.97 Difference=14.93
ABB | ROE mismatch | Source=34.9 Calculated=23.69 Difference=11.21
ABB | ROE mismatch | Source=34.9 Calculated=23.69 Difference=11.21
ABB | ROE mismatch | Source=34.9 Calculated=22.41 Difference=12.49
ABB | ROE mismatch | Source=34.9 Calculated=22.41 Difference=12.49
ABB | ROE mismatch | Source=34.9 Calculated=24.39 Difference=10.51
ABB | ROE mismatch | Source=34.9 Calculated=24.39 Difference=10.51
ABB | ROE mismatch | Source=34.9 Calculated=26.56 Difference=8.34
ABB | ROE mismatch | Source=34.9 Calculated=26.56 Difference=8.34
ABB | ROE mismatch | Source=34.9 Calculated=28.33 Difference=6.57
ABB | ROE mismatch | Source=34.9 Calculated=28.33 Difference=6.57
ABB | ROE mismatch | Source=34.9 Calculated=29.77 Difference=5.13
ABB | ROE mismatch | Source=34.9 Calculated=29.77 Difference=5.13
ADANIENSOL | ROE mismatch | Source=8.59 Calculated=0.0 Difference=8.59
ADANIENSOL | ROE mismatch | Source=8.59 Calculated=-0.65 Difference=9.24
ADANIENSOL | ROE mismatch | Source=8.59 Calculated=13.77 Difference=5.18
ADANIENSOL | ROE mismatch | Source=8.59 Calculated=14.12 Difference=5.53
ADANIENSOL | ROE mismatch | Source=8.59 Calculated=18.87 Difference=10.28
ADANIENSOL | ROE mismatch | Source=8.59 Calculated=14.46 Difference=5.87
ADANIENT | ROE mismatch | Source=13.64 Calculated=5.69 Difference=7.95
ADANIENT | ROE mismatch | Source=13.64 Calculated=7.47 Difference=6.17
ADANIENT | ROE mismatch | Source=13.64 Calculated=6.54 Difference=7.10
ADANIENT | ROE mismatch | Source=13.64 Calculated=3.94 Difference=9.70
ADANIENT | ROE mismatch | Source=13.64 Calculated=3.43 Difference=10.21
ADANIENT | ROE mismatch | Source=13.64 Calculated=6.14 Difference=7.50
ADANIENT | ROE mismatch | Source=13.64 Calculated=6.1 Difference=7.54
ADANIENT | ROE mismatch | Source=13.64 Calculated=3.54 Difference=10.10
ADANIENT | ROE mismatch | Source=13.64 Calculated=7.33 Difference=6.31
ADANIENT | ROE mismatch | Source=13.64 Calculated=8.53 Difference=5.11
ADANIGREEN | ROE mismatch | Source=14.7 Calculated=-3.91 Difference=18.61
ADANIGREEN | ROE mismatch | Source=14.7 Calculated=-10.29 Difference=24.99
ADANIGREEN | ROE mismatch | Source=14.7 Calculated=-24.57 Difference=39.27
ADANIGREEN | ROE mismatch | Source=14.7 Calculated=-2.89 Difference=17.59
ADANIGREEN | ROE mismatch | Source=14.7 Calculated=8.27 Difference=6.43
ADANIPORTS | ROE mismatch | Source=18.1 Calculated=25.63 Difference=7.53
ADANIPORTS | ROE mismatch | Source=18.1 Calculated=25.63 Difference=7.53
ADANIPORTS | ROE mismatch | Source=18.1 Calculated=25.63 Difference=7.53
ADANIPORTS | ROE mismatch | Source=18.1 Calculated=25.63 Difference=7.53
ADANIPORTS | ROE mismatch | Source=18.1 Calculated=11.84 Difference=6.26
ADANIPORTS | ROE mismatch | Source=18.1 Calculated=11.84 Difference=6.26
ADANIPORTS | ROE mismatch | Source=18.1 Calculated=11.84 Difference=6.26
ADANIPORTS | ROE mismatch | Source=18.1 Calculated=11.84 Difference=6.26
ADANIPORTS | ROE mismatch | Source=18.1 Calculated=11.88 Difference=6.22
ADANIPORTS | ROE mismatch | Source=18.1 Calculated=11.88 Difference=6.22
ADANIPORTS | ROE mismatch | Source=18.1 Calculated=11.88 Difference=6.22
ADANIPORTS | ROE mismatch | Source=18.1 Calculated=11.88 Difference=6.22
ADANIPOWER | ROE mismatch | Source=57.1 Calculated=-53.46 Difference=110.56
ADANIPOWER | ROE mismatch | Source=57.1 Calculated=-4.45 Difference=61.55
ADANIPOWER | ROE mismatch | Source=57.1 Calculated=-14.25 Difference=71.35
ADANIPOWER | ROE mismatch | Source=57.1 Calculated=7.38 Difference=49.72
ADANIPOWER | ROE mismatch | Source=57.1 Calculated=-205.8 Difference=262.90
ADANIPOWER | ROE mismatch | Source=57.1 Calculated=-236.56 Difference=293.66
ADANIPOWER | ROE mismatch | Source=57.1 Calculated=-12.76 Difference=69.86
ADANIPOWER | ROE mismatch | Source=57.1 Calculated=-35.1 Difference=92.20
ADANIPOWER | ROE mismatch | Source=57.1 Calculated=9.69 Difference=47.41
ADANIPOWER | ROE mismatch | Source=57.1 Calculated=26.61 Difference=30.49
ADANIPOWER | ROE mismatch | Source=57.1 Calculated=35.91 Difference=21.19
ADANIPOWER | ROE mismatch | Source=57.1 Calculated=48.28 Difference=8.82
AMBUJACEM | ROE mismatch | Source=9.24 Calculated=14.69 Difference=5.45
AMBUJACEM | ROE mismatch | Source=9.24 Calculated=14.77 Difference=5.53
AMBUJACEM | ROE mismatch | Source=9.24 Calculated=14.64 Difference=5.40
APOLLOHOSP | ROE mismatch | Source=13.81 Calculated=7.05 Difference=6.76
APOLLOHOSP | ROE mismatch | Source=13.81 Calculated=3.95 Difference=9.86
APOLLOHOSP | ROE mismatch | Source=13.81 Calculated=1.85 Difference=11.96
APOLLOHOSP | ROE mismatch | Source=13.81 Calculated=6.0 Difference=7.81
APOLLOHOSP | ROE mismatch | Source=13.81 Calculated=2.98 Difference=10.83
APOLLOHOSP | ROE mismatch | Source=13.81 Calculated=19.7 Difference=5.89
ASIANPAINT | ROE mismatch | Source=31.45 Calculated=24.95 Difference=6.50
ASIANPAINT | ROE mismatch | Source=31.45 Calculated=24.95 Difference=6.50
ASIANPAINT | ROE mismatch | Source=31.45 Calculated=24.95 Difference=6.50
ASIANPAINT | ROE mismatch | Source=31.45 Calculated=24.95 Difference=6.50
ASIANPAINT | ROE mismatch | Source=31.45 Calculated=23.31 Difference=8.14
ASIANPAINT | ROE mismatch | Source=31.45 Calculated=23.31 Difference=8.14
ASIANPAINT | ROE mismatch | Source=31.45 Calculated=23.31 Difference=8.14
ASIANPAINT | ROE mismatch | Source=31.45 Calculated=23.31 Difference=8.14
ASIANPAINT | ROE mismatch | Source=31.45 Calculated=25.04 Difference=6.41
ASIANPAINT | ROE mismatch | Source=31.45 Calculated=25.04 Difference=6.41
ASIANPAINT | ROE mismatch | Source=31.45 Calculated=25.04 Difference=6.41
ASIANPAINT | ROE mismatch | Source=31.45 Calculated=25.04 Difference=6.41
ASIANPAINT | ROE mismatch | Source=31.45 Calculated=22.34 Difference=9.11
ASIANPAINT | ROE mismatch | Source=31.45 Calculated=22.34 Difference=9.11
ASIANPAINT | ROE mismatch | Source=31.45 Calculated=22.34 Difference=9.11
ASIANPAINT | ROE mismatch | Source=31.45 Calculated=22.34 Difference=9.11
ASIANPAINT | ROE mismatch | Source=31.45 Calculated=26.23 Difference=5.22
ASIANPAINT | ROE mismatch | Source=31.45 Calculated=26.23 Difference=5.22
ASIANPAINT | ROE mismatch | Source=31.45 Calculated=26.23 Difference=5.22
ASIANPAINT | ROE mismatch | Source=31.45 Calculated=26.23 Difference=5.22
ATGL | ROE mismatch | Source=20.5 Calculated=29.64 Difference=9.14
AXISBANK | ROE mismatch | Source=18.4 Calculated=6.53 Difference=11.87
AXISBANK | ROE mismatch | Source=18.4 Calculated=0.43 Difference=17.97
AXISBANK | ROE mismatch | Source=18.4 Calculated=6.9 Difference=11.50
AXISBANK | ROE mismatch | Source=18.4 Calculated=1.88 Difference=16.52
AXISBANK | ROE mismatch | Source=18.4 Calculated=6.36 Difference=12.04
AXISBANK | ROE mismatch | Source=18.4 Calculated=11.01 Difference=7.39
AXISBANK | ROE mismatch | Source=18.4 Calculated=7.38 Difference=11.02
BAJAJ-AUTO | ROE mismatch | Source=26.5 Calculated=38.85 Difference=12.35
BAJAJ-AUTO | ROE mismatch | Source=26.5 Calculated=33.24 Difference=6.74
BAJAJ-AUTO | ROE mismatch | Source=26.5 Calculated=20.66 Difference=5.84
BAJAJ-AUTO | ROE mismatch | Source=26.5 Calculated=21.21 Difference=5.29
BAJAJ-AUTO | ROE mismatch | Source=26.5 Calculated=17.81 Difference=8.69
BAJAJ-AUTO | ROE mismatch | Source=26.5 Calculated=20.65 Difference=5.85
BAJAJ-AUTO | ROE mismatch | Source=26.5 Calculated=20.64 Difference=5.86
BAJAJFINSV | ROE mismatch | Source=11.72 Calculated=28.38 Difference=16.66
BAJAJFINSV | ROE mismatch | Source=11.72 Calculated=23.53 Difference=11.81
BAJAJFINSV | ROE mismatch | Source=11.72 Calculated=21.72 Difference=10.00
BAJAJFINSV | ROE mismatch | Source=11.72 Calculated=20.41 Difference=8.69
BAJAJFINSV | ROE mismatch | Source=11.72 Calculated=21.36 Difference=9.64
BAJAJFINSV | ROE mismatch | Source=11.72 Calculated=20.39 Difference=8.67
BAJAJFINSV | ROE mismatch | Source=11.72 Calculated=22.64 Difference=10.92
BAJAJFINSV | ROE mismatch | Source=11.72 Calculated=19.15 Difference=7.43
BAJAJFINSV | ROE mismatch | Source=11.72 Calculated=20.56 Difference=8.84
BAJAJFINSV | ROE mismatch | Source=11.72 Calculated=20.66 Difference=8.94
BAJAJFINSV | ROE mismatch | Source=11.72 Calculated=26.31 Difference=14.59
BAJAJFINSV | ROE mismatch | Source=11.72 Calculated=25.85 Difference=14.13
BAJAJHLDNG | ROE mismatch | Source=14.8 Calculated=9.63 Difference=5.17
BAJFINANCE | ROE mismatch | Source=22.1 Calculated=15.75 Difference=6.35
BAJFINANCE | ROE mismatch | Source=22.1 Calculated=16.28 Difference=5.82
BAJFINANCE | ROE mismatch | Source=22.1 Calculated=11.97 Difference=10.13
BAJFINANCE | ROE mismatch | Source=22.1 Calculated=16.08 Difference=6.02
BANKBARODA | ROE mismatch | Source=16.7 Calculated=9.4 Difference=7.30
BANKBARODA | ROE mismatch | Source=16.7 Calculated=-11.84 Difference=28.54
BANKBARODA | ROE mismatch | Source=16.7 Calculated=4.31 Difference=12.39
BANKBARODA | ROE mismatch | Source=16.7 Calculated=-3.94 Difference=20.64
BANKBARODA | ROE mismatch | Source=16.7 Calculated=2.12 Difference=14.58
BANKBARODA | ROE mismatch | Source=16.7 Calculated=1.29 Difference=15.41
BANKBARODA | ROE mismatch | Source=16.7 Calculated=1.97 Difference=14.73
BANKBARODA | ROE mismatch | Source=16.7 Calculated=8.64 Difference=8.06
BEL | ROE mismatch | Source=26.3 Calculated=15183.33 Difference=15157.03
BEL | ROE mismatch | Source=26.3 Calculated=13600.0 Difference=13573.70
BEL | ROE mismatch | Source=26.3 Calculated=17100.0 Difference=17073.70
BEL | ROE mismatch | Source=26.3 Calculated=11141.67 Difference=11115.37
BEL | ROE mismatch | Source=26.3 Calculated=10153.33 Difference=10127.03
BEL | ROE mismatch | Source=26.3 Calculated=4616.13 Difference=4589.83
BEL | ROE mismatch | Source=26.3 Calculated=3851.02 Difference=3824.72
BEL | ROE mismatch | Source=26.3 Calculated=3318.18 Difference=3291.88
BEL | ROE mismatch | Source=26.3 Calculated=3559.32 Difference=3533.02
BEL | ROE mismatch | Source=26.3 Calculated=3478.26 Difference=3451.96
BEL | ROE mismatch | Source=26.3 Calculated=3981.33 Difference=3955.03
BEL | ROE mismatch | Source=26.3 Calculated=4744.05 Difference=4717.75
BHARTIARTL | ROE mismatch | Source=14.9 Calculated=4.5 Difference=10.40
BHARTIARTL | ROE mismatch | Source=14.9 Calculated=5.05 Difference=9.85
BHARTIARTL | ROE mismatch | Source=14.9 Calculated=6.29 Difference=8.61
BHARTIARTL | ROE mismatch | Source=14.9 Calculated=3.14 Difference=11.76
BHARTIARTL | ROE mismatch | Source=14.9 Calculated=2.36 Difference=12.54
BHARTIARTL | ROE mismatch | Source=14.9 Calculated=-39.75 Difference=54.65
BHARTIARTL | ROE mismatch | Source=14.9 Calculated=-20.97 Difference=35.87
BHEL | ROE mismatch | Source=1.05 Calculated=21.91 Difference=20.86
BHEL | ROE mismatch | Source=1.05 Calculated=10.56 Difference=9.51
BHEL | ROE mismatch | Source=1.05 Calculated=-5.12 Difference=6.17
BHEL | ROE mismatch | Source=1.05 Calculated=-10.39 Difference=11.44
BOSCHLTD | ROE mismatch | Source=16.0 Calculated=7.01 Difference=8.99
BOSCHLTD | ROE mismatch | Source=16.0 Calculated=4.91 Difference=11.09
BPCL | ROE mismatch | Source=41.9 Calculated=11.54 Difference=30.36
BPCL | ROE mismatch | Source=41.9 Calculated=20.85 Difference=21.05
BPCL | ROE mismatch | Source=41.9 Calculated=22.52 Difference=19.38
BPCL | ROE mismatch | Source=41.9 Calculated=29.1 Difference=12.80
BPCL | ROE mismatch | Source=41.9 Calculated=30.85 Difference=11.05
BPCL | ROE mismatch | Source=41.9 Calculated=26.74 Difference=15.16
BPCL | ROE mismatch | Source=41.9 Calculated=22.0 Difference=19.90
BPCL | ROE mismatch | Source=41.9 Calculated=10.04 Difference=31.86
BPCL | ROE mismatch | Source=41.9 Calculated=32.34 Difference=9.56
BPCL | ROE mismatch | Source=41.9 Calculated=22.51 Difference=19.39
BPCL | ROE mismatch | Source=41.9 Calculated=3.98 Difference=37.92
BPCL | ROE mismatch | Source=41.9 Calculated=35.51 Difference=6.39
BRITANNIA | ROE mismatch | Source=57.1 Calculated=46.59 Difference=10.51
BRITANNIA | ROE mismatch | Source=57.1 Calculated=49.5 Difference=7.60
BRITANNIA | ROE mismatch | Source=57.1 Calculated=39.44 Difference=17.66
BRITANNIA | ROE mismatch | Source=57.1 Calculated=32.83 Difference=24.27
BRITANNIA | ROE mismatch | Source=57.1 Calculated=29.48 Difference=27.62
BRITANNIA | ROE mismatch | Source=57.1 Calculated=27.16 Difference=29.94
BRITANNIA | ROE mismatch | Source=57.1 Calculated=31.66 Difference=25.44
BRITANNIA | ROE mismatch | Source=57.1 Calculated=65.53 Difference=8.43
CANBK | ROE mismatch | Source=17.9 Calculated=11.9 Difference=6.00
CANBK | ROE mismatch | Source=17.9 Calculated=8.85 Difference=9.05
CANBK | ROE mismatch | Source=17.9 Calculated=9.02 Difference=8.88
CANBK | ROE mismatch | Source=17.9 Calculated=-7.82 Difference=25.72
CANBK | ROE mismatch | Source=17.9 Calculated=4.07 Difference=13.83
CANBK | ROE mismatch | Source=17.9 Calculated=-10.5 Difference=28.40
CANBK | ROE mismatch | Source=17.9 Calculated=1.85 Difference=16.05
CANBK | ROE mismatch | Source=17.9 Calculated=-4.66 Difference=22.56
CANBK | ROE mismatch | Source=17.9 Calculated=4.74 Difference=13.16
CANBK | ROE mismatch | Source=17.9 Calculated=8.8 Difference=9.10
CHOLAFIN | ROE mismatch | Source=20.2 Calculated=12.85 Difference=7.35
CIPLA | ROE mismatch | Source=16.8 Calculated=11.38 Difference=5.42
CIPLA | ROE mismatch | Source=16.8 Calculated=8.25 Difference=8.55
CIPLA | ROE mismatch | Source=16.8 Calculated=9.96 Difference=6.84
CIPLA | ROE mismatch | Source=16.8 Calculated=9.94 Difference=6.86
CIPLA | ROE mismatch | Source=16.8 Calculated=9.52 Difference=7.28
COALINDIA | ROE mismatch | Source=52.0 Calculated=35.81 Difference=16.19
COALINDIA | ROE mismatch | Source=52.0 Calculated=35.64 Difference=16.36
COALINDIA | ROE mismatch | Source=52.0 Calculated=34.02 Difference=17.98
COALINDIA | ROE mismatch | Source=52.0 Calculated=40.96 Difference=11.04
COALINDIA | ROE mismatch | Source=52.0 Calculated=37.85 Difference=14.15
COALINDIA | ROE mismatch | Source=52.0 Calculated=34.88 Difference=17.12
COALINDIA | ROE mismatch | Source=52.0 Calculated=66.01 Difference=14.01
COALINDIA | ROE mismatch | Source=52.0 Calculated=34.78 Difference=17.22
COALINDIA | ROE mismatch | Source=52.0 Calculated=40.28 Difference=11.72
COALINDIA | ROE mismatch | Source=52.0 Calculated=45.17 Difference=6.83
DABUR | ROE mismatch | Source=19.2 Calculated=36.56 Difference=17.36
DABUR | ROE mismatch | Source=19.2 Calculated=34.49 Difference=15.29
DABUR | ROE mismatch | Source=19.2 Calculated=31.84 Difference=12.64
DABUR | ROE mismatch | Source=19.2 Calculated=30.06 Difference=10.86
DABUR | ROE mismatch | Source=19.2 Calculated=26.41 Difference=7.21
DABUR | ROE mismatch | Source=19.2 Calculated=25.67 Difference=6.47
DIVISLAB | ROE mismatch | Source=12.2 Calculated=24.07 Difference=11.87
DIVISLAB | ROE mismatch | Source=12.2 Calculated=26.08 Difference=13.88
DIVISLAB | ROE mismatch | Source=12.2 Calculated=24.37 Difference=12.17
DIVISLAB | ROE mismatch | Source=12.2 Calculated=26.23 Difference=14.03
DIVISLAB | ROE mismatch | Source=12.2 Calculated=19.79 Difference=7.59
DIVISLAB | ROE mismatch | Source=12.2 Calculated=19.45 Difference=7.25
DIVISLAB | ROE mismatch | Source=12.2 Calculated=18.84 Difference=6.64
DIVISLAB | ROE mismatch | Source=12.2 Calculated=21.34 Difference=9.14
DIVISLAB | ROE mismatch | Source=12.2 Calculated=25.24 Difference=13.04
DLF | ROE mismatch | Source=6.95 Calculated=1.85 Difference=5.10
DLF | ROE mismatch | Source=6.95 Calculated=1.27 Difference=5.68
DLF | ROE mismatch | Source=6.95 Calculated=12.68 Difference=5.73
DLF | ROE mismatch | Source=6.95 Calculated=-1.71 Difference=8.66
DMART | ROE mismatch | Source=14.5 Calculated=21.04 Difference=6.54
DMART | ROE mismatch | Source=14.5 Calculated=9.02 Difference=5.48
DRREDDY | ROE mismatch | Source=21.4 Calculated=10.54 Difference=10.86
DRREDDY | ROE mismatch | Source=21.4 Calculated=7.53 Difference=13.87
DRREDDY | ROE mismatch | Source=21.4 Calculated=13.9 Difference=7.50
DRREDDY | ROE mismatch | Source=21.4 Calculated=12.99 Difference=8.41
DRREDDY | ROE mismatch | Source=21.4 Calculated=11.07 Difference=10.33
DRREDDY | ROE mismatch | Source=21.4 Calculated=11.36 Difference=10.04
EICHERMOT | ROE mismatch | Source=24.2 Calculated=36.63 Difference=12.43
EICHERMOT | ROE mismatch | Source=24.2 Calculated=31.19 Difference=6.99
EICHERMOT | ROE mismatch | Source=24.2 Calculated=18.3 Difference=5.90
EICHERMOT | ROE mismatch | Source=24.2 Calculated=11.78 Difference=12.42
EICHERMOT | ROE mismatch | Source=24.2 Calculated=13.3 Difference=10.90
GAIL | ROE mismatch | Source=14.0 Calculated=5.15 Difference=8.85
GAIL | ROE mismatch | Source=14.0 Calculated=8.58 Difference=5.42
GAIL | ROE mismatch | Source=14.0 Calculated=19.31 Difference=5.31
GAIL | ROE mismatch | Source=14.0 Calculated=19.19 Difference=5.19
GAIL | ROE mismatch | Source=14.0 Calculated=8.62 Difference=5.38
GODREJCP | ROE mismatch | Source=6.77 Calculated=25.51 Difference=18.74
GODREJCP | ROE mismatch | Source=6.77 Calculated=21.7 Difference=14.93
GODREJCP | ROE mismatch | Source=6.77 Calculated=22.64 Difference=15.87
GODREJCP | ROE mismatch | Source=6.77 Calculated=19.48 Difference=12.71
GODREJCP | ROE mismatch | Source=6.77 Calculated=24.67 Difference=17.90
GODREJCP | ROE mismatch | Source=6.77 Calculated=26.11 Difference=19.34
GODREJCP | ROE mismatch | Source=6.77 Calculated=32.23 Difference=25.46
GODREJCP | ROE mismatch | Source=6.77 Calculated=18.95 Difference=12.18
GODREJCP | ROE mismatch | Source=6.77 Calculated=18.23 Difference=11.46
GODREJCP | ROE mismatch | Source=6.77 Calculated=15.43 Difference=8.66
GODREJCP | ROE mismatch | Source=6.77 Calculated=12.34 Difference=5.57
GODREJCP | ROE mismatch | Source=6.77 Calculated=-4.45 Difference=11.22
GRASIM | ROE mismatch | Source=6.9 Calculated=19.22 Difference=12.32
GRASIM | ROE mismatch | Source=6.9 Calculated=13.67 Difference=6.77
GRASIM | ROE mismatch | Source=6.9 Calculated=12.6 Difference=5.70
GRASIM | ROE mismatch | Source=6.9 Calculated=13.53 Difference=6.63
GRASIM | ROE mismatch | Source=6.9 Calculated=14.8 Difference=7.90
GRASIM | ROE mismatch | Source=6.9 Calculated=14.07 Difference=7.17
HAL | ROE mismatch | Source=28.9 Calculated=1665.0 Difference=1636.10
HAL | ROE mismatch | Source=28.9 Calculated=1966.92 Difference=1938.02
HAL | ROE mismatch | Source=28.9 Calculated=1528.46 Difference=1499.56
HAL | ROE mismatch | Source=28.9 Calculated=1763.91 Difference=1735.01
HAL | ROE mismatch | Source=28.9 Calculated=2059.42 Difference=2030.52
HAL | ROE mismatch | Source=28.9 Calculated=2249.31 Difference=2220.41
HAL | ROE mismatch | Source=28.9 Calculated=3324.18 Difference=3295.28
HAL | ROE mismatch | Source=28.9 Calculated=3283.05 Difference=3254.15
HAL | ROE mismatch | Source=28.9 Calculated=3816.58 Difference=3787.68
HAVELLS | ROE mismatch | Source=18.0 Calculated=40.29 Difference=22.29
HAVELLS | ROE mismatch | Source=18.0 Calculated=26.77 Difference=8.77
HAVELLS | ROE mismatch | Source=18.0 Calculated=42.95 Difference=24.95
HCLTECH | ROE mismatch | Source=23.3 Calculated=30.69 Difference=7.39
HCLTECH | ROE mismatch | Source=23.3 Calculated=33.39 Difference=10.09
HCLTECH | ROE mismatch | Source=23.3 Calculated=30.31 Difference=7.01
HDFCLIFE | ROE mismatch | Source=11.4 Calculated=33.43 Difference=22.03
HDFCLIFE | ROE mismatch | Source=11.4 Calculated=37.6 Difference=26.20
HDFCLIFE | ROE mismatch | Source=11.4 Calculated=30.93 Difference=19.53
HDFCLIFE | ROE mismatch | Source=11.4 Calculated=26.33 Difference=14.93
HDFCLIFE | ROE mismatch | Source=11.4 Calculated=23.18 Difference=11.78
HDFCLIFE | ROE mismatch | Source=11.4 Calculated=23.53 Difference=12.13
HDFCLIFE | ROE mismatch | Source=11.4 Calculated=22.65 Difference=11.25
HDFCLIFE | ROE mismatch | Source=11.4 Calculated=19.05 Difference=7.65
HEROMOTOCO | ROE mismatch | Source=22.0 Calculated=37.38 Difference=15.38
HEROMOTOCO | ROE mismatch | Source=22.0 Calculated=36.15 Difference=14.15
HEROMOTOCO | ROE mismatch | Source=22.0 Calculated=35.23 Difference=13.23
HEROMOTOCO | ROE mismatch | Source=22.0 Calculated=34.37 Difference=12.37
HEROMOTOCO | ROE mismatch | Source=22.0 Calculated=31.09 Difference=9.09
HEROMOTOCO | ROE mismatch | Source=22.0 Calculated=14.7 Difference=7.30
HEROMOTOCO | ROE mismatch | Source=22.0 Calculated=16.81 Difference=5.19
HINDALCO | ROE mismatch | Source=10.2 Calculated=0.68 Difference=9.52
HINDALCO | ROE mismatch | Source=10.2 Calculated=-1.73 Difference=11.93
HINDALCO | ROE mismatch | Source=10.2 Calculated=4.09 Difference=6.11
HINDALCO | ROE mismatch | Source=10.2 Calculated=17.56 Difference=7.36
HINDUNILVR | ROE mismatch | Source=20.2 Calculated=134.0 Difference=113.80
HINDUNILVR | ROE mismatch | Source=20.2 Calculated=111.85 Difference=91.65
HINDUNILVR | ROE mismatch | Source=20.2 Calculated=108.67 Difference=88.47
HINDUNILVR | ROE mismatch | Source=20.2 Calculated=63.15 Difference=42.95
HINDUNILVR | ROE mismatch | Source=20.2 Calculated=66.58 Difference=46.38
HINDUNILVR | ROE mismatch | Source=20.2 Calculated=71.79 Difference=51.59
HINDUNILVR | ROE mismatch | Source=20.2 Calculated=77.03 Difference=56.83
HINDUNILVR | ROE mismatch | Source=20.2 Calculated=82.1 Difference=61.90
ICICIBANK | ROE mismatch | Source=18.8 Calculated=11.61 Difference=7.19
ICICIBANK | ROE mismatch | Source=18.8 Calculated=10.84 Difference=7.96
ICICIBANK | ROE mismatch | Source=18.8 Calculated=8.23 Difference=10.57
ICICIBANK | ROE mismatch | Source=18.8 Calculated=4.98 Difference=13.82
ICICIBANK | ROE mismatch | Source=18.8 Calculated=9.13 Difference=9.67
ICICIBANK | ROE mismatch | Source=18.8 Calculated=12.92 Difference=5.88
ICICIPRULI | ROE mismatch | Source=8.07 Calculated=38.25 Difference=30.18
ICICIPRULI | ROE mismatch | Source=8.07 Calculated=35.61 Difference=27.54
ICICIPRULI | ROE mismatch | Source=8.07 Calculated=31.15 Difference=23.08
ICICIPRULI | ROE mismatch | Source=8.07 Calculated=31.0 Difference=22.93
ICICIPRULI | ROE mismatch | Source=8.07 Calculated=26.26 Difference=18.19
ICICIPRULI | ROE mismatch | Source=8.07 Calculated=24.63 Difference=16.56
ICICIPRULI | ROE mismatch | Source=8.07 Calculated=16.58 Difference=8.51
ICICIPRULI | ROE mismatch | Source=8.07 Calculated=14.79 Difference=6.72
INDUSINDBK | ROE mismatch | Source=15.2 Calculated=6.54 Difference=8.66
INDUSINDBK | ROE mismatch | Source=15.2 Calculated=9.67 Difference=5.53
INFY | ROE mismatch | Source=31.8 Calculated=24.82 Difference=6.98
INFY | ROE mismatch | Source=31.8 Calculated=23.93 Difference=7.87
INFY | ROE mismatch | Source=31.8 Calculated=24.39 Difference=7.41
INFY | ROE mismatch | Source=31.8 Calculated=21.85 Difference=9.95
INFY | ROE mismatch | Source=31.8 Calculated=20.81 Difference=10.99
INFY | ROE mismatch | Source=31.8 Calculated=24.69 Difference=7.11
INFY | ROE mismatch | Source=31.8 Calculated=23.73 Difference=8.07
INFY | ROE mismatch | Source=31.8 Calculated=25.42 Difference=6.38
INFY | ROE mismatch | Source=31.8 Calculated=25.44 Difference=6.36
IOC | ROE mismatch | Source=25.44 Calculated=5.75 Difference=19.69
IOC | ROE mismatch | Source=25.44 Calculated=10.26 Difference=15.18
IOC | ROE mismatch | Source=25.44 Calculated=7.08 Difference=18.36
IOC | ROE mismatch | Source=25.44 Calculated=13.8 Difference=11.64
IOC | ROE mismatch | Source=25.44 Calculated=19.97 Difference=5.47
IOC | ROE mismatch | Source=25.44 Calculated=19.87 Difference=5.57
IOC | ROE mismatch | Source=25.44 Calculated=15.36 Difference=10.08
IOC | ROE mismatch | Source=25.44 Calculated=-1.97 Difference=27.41
IOC | ROE mismatch | Source=25.44 Calculated=19.46 Difference=5.98
IOC | ROE mismatch | Source=25.44 Calculated=19.27 Difference=6.17
IOC | ROE mismatch | Source=25.44 Calculated=8.38 Difference=17.06
IRCTC | ROE mismatch | Source=40.4 Calculated=29.5 Difference=10.90
IRCTC | ROE mismatch | Source=40.4 Calculated=34.87 Difference=5.53
IRCTC | ROE mismatch | Source=40.4 Calculated=29.1 Difference=11.30
IRCTC | ROE mismatch | Source=40.4 Calculated=23.14 Difference=17.26
IRCTC | ROE mismatch | Source=40.4 Calculated=28.85 Difference=11.55
IRCTC | ROE mismatch | Source=40.4 Calculated=12.84 Difference=27.56
IRCTC | ROE mismatch | Source=40.4 Calculated=35.29 Difference=5.11
IRCTC | ROE mismatch | Source=40.4 Calculated=34.4 Difference=6.00
IRFC | ROE mismatch | Source=13.7 Calculated=8.16 Difference=5.54
IRFC | ROE mismatch | Source=13.7 Calculated=7.37 Difference=6.33
IRFC | ROE mismatch | Source=13.7 Calculated=7.78 Difference=5.92
ITC | ROE mismatch | Source=29.47 Calculated=22.26 Difference=7.21
ITC | ROE mismatch | Source=29.47 Calculated=22.57 Difference=6.90
ITC | ROE mismatch | Source=29.47 Calculated=21.89 Difference=7.58
ITC | ROE mismatch | Source=29.47 Calculated=21.7 Difference=7.77
ITC | ROE mismatch | Source=29.47 Calculated=23.89 Difference=5.58
ITC | ROE mismatch | Source=29.47 Calculated=22.18 Difference=7.29
JINDALSTEL | ROE mismatch | Source=14.1 Calculated=8.39 Difference=5.71
JINDALSTEL | ROE mismatch | Source=14.1 Calculated=-6.9 Difference=21.00
JINDALSTEL | ROE mismatch | Source=14.1 Calculated=-9.52 Difference=23.62
JINDALSTEL | ROE mismatch | Source=14.1 Calculated=-8.45 Difference=22.55
JINDALSTEL | ROE mismatch | Source=14.1 Calculated=-5.32 Difference=19.42
JINDALSTEL | ROE mismatch | Source=14.1 Calculated=-7.52 Difference=21.62
JINDALSTEL | ROE mismatch | Source=14.1 Calculated=-1.24 Difference=15.34
JSWENERGY | ROE mismatch | Source=8.4 Calculated=14.52 Difference=6.12
JSWENERGY | ROE mismatch | Source=8.4 Calculated=18.06 Difference=9.66
JSWENERGY | ROE mismatch | Source=8.4 Calculated=15.05 Difference=6.65
JSWENERGY | ROE mismatch | Source=8.4 Calculated=0.77 Difference=7.63
JSWSTEEL | ROE mismatch | Source=11.66 Calculated=5.44 Difference=6.22
JSWSTEEL | ROE mismatch | Source=11.66 Calculated=1.9 Difference=9.76
JSWSTEEL | ROE mismatch | Source=11.66 Calculated=-2.54 Difference=14.20
JSWSTEEL | ROE mismatch | Source=11.66 Calculated=21.83 Difference=10.17
JSWSTEEL | ROE mismatch | Source=11.66 Calculated=21.62 Difference=9.96
JSWSTEEL | ROE mismatch | Source=11.66 Calculated=16.84 Difference=5.18
JSWSTEEL | ROE mismatch | Source=11.66 Calculated=31.11 Difference=19.45
JSWSTEEL | ROE mismatch | Source=11.66 Calculated=6.3 Difference=5.36
LICI | ROE mismatch | Source=63.61 Calculated=324.32 Difference=260.71
LICI | ROE mismatch | Source=63.61 Calculated=270.46 Difference=206.85
LICI | ROE mismatch | Source=63.61 Calculated=43.2 Difference=20.41
LICI | ROE mismatch | Source=63.61 Calculated=36.38 Difference=27.23
LICI | ROE mismatch | Source=63.61 Calculated=77.86 Difference=14.25
LICI | ROE mismatch | Source=63.61 Calculated=49.45 Difference=14.16
LODHA | ROE mismatch | Source=10.7 Calculated=35.48 Difference=24.78
LODHA | ROE mismatch | Source=10.7 Calculated=33.84 Difference=23.14
LODHA | ROE mismatch | Source=10.7 Calculated=24.23 Difference=13.53
LODHA | ROE mismatch | Source=10.7 Calculated=17.69 Difference=6.99
LODHA | ROE mismatch | Source=10.7 Calculated=42.8 Difference=32.10
LODHA | ROE mismatch | Source=10.7 Calculated=16.3 Difference=5.60
LODHA | ROE mismatch | Source=10.7 Calculated=1.04 Difference=9.66
LODHA | ROE mismatch | Source=10.7 Calculated=3.87 Difference=6.83
LT | ROE mismatch | Source=10.49 Calculated=395.15 Difference=384.66
LT | ROE mismatch | Source=10.49 Calculated=303.42 Difference=292.93
LT | ROE mismatch | Source=10.49 Calculated=245.11 Difference=234.62
LT | ROE mismatch | Source=10.49 Calculated=216.09 Difference=205.60
LT | ROE mismatch | Source=10.49 Calculated=206.3 Difference=195.81
LT | ROE mismatch | Source=10.49 Calculated=207.36 Difference=196.87
LT | ROE mismatch | Source=10.49 Calculated=208.81 Difference=198.32
LT | ROE mismatch | Source=10.49 Calculated=201.59 Difference=191.10
LT | ROE mismatch | Source=10.49 Calculated=176.9 Difference=166.41
LT | ROE mismatch | Source=10.49 Calculated=72.92 Difference=62.43
LT | ROE mismatch | Source=10.49 Calculated=75.52 Difference=65.03
LT | ROE mismatch | Source=10.49 Calculated=77.67 Difference=67.18
LTIM | ROE mismatch | Source=26.04 Calculated=41.97 Difference=15.93
LTIM | ROE mismatch | Source=26.04 Calculated=61.86 Difference=35.82
LTIM | ROE mismatch | Source=26.04 Calculated=37.96 Difference=11.92
LTIM | ROE mismatch | Source=26.04 Calculated=39.34 Difference=13.30
M&M | ROE mismatch | Source=17.99 Calculated=-0.8 Difference=18.79
M&M | ROE mismatch | Source=17.99 Calculated=3.64 Difference=14.35
MARUTI | ROE mismatch | Source=15.75 Calculated=8.36 Difference=7.39
MARUTI | ROE mismatch | Source=15.75 Calculated=7.01 Difference=8.74
MOTHERSON | ROE mismatch | Source=11.8 Calculated=19.75 Difference=7.95
MOTHERSON | ROE mismatch | Source=11.8 Calculated=37.07 Difference=25.27
MOTHERSON | ROE mismatch | Source=11.8 Calculated=38.87 Difference=27.07
MOTHERSON | ROE mismatch | Source=11.8 Calculated=40.35 Difference=28.55
MOTHERSON | ROE mismatch | Source=11.8 Calculated=26.26 Difference=14.46
MOTHERSON | ROE mismatch | Source=11.8 Calculated=22.87 Difference=11.07
MOTHERSON | ROE mismatch | Source=11.8 Calculated=19.14 Difference=7.34
MOTHERSON | ROE mismatch | Source=11.8 Calculated=5.74 Difference=6.06
NAUKRI | ROE mismatch | Source=2.44 Calculated=12.5 Difference=10.06
NAUKRI | ROE mismatch | Source=2.44 Calculated=8.93 Difference=6.49
NAUKRI | ROE mismatch | Source=2.44 Calculated=7.65 Difference=5.21
NAUKRI | ROE mismatch | Source=2.44 Calculated=-2.7 Difference=5.14
NAUKRI | ROE mismatch | Source=2.44 Calculated=24.5 Difference=22.06
NAUKRI | ROE mismatch | Source=2.44 Calculated=23.28 Difference=20.84
NAUKRI | ROE mismatch | Source=2.44 Calculated=-11.21 Difference=13.65
NAUKRI | ROE mismatch | Source=2.44 Calculated=26.28 Difference=23.84
NAUKRI | ROE mismatch | Source=2.44 Calculated=74.71 Difference=72.27
NESTLEIND | ROE mismatch | Source=135.61 Calculated=47.17 Difference=88.44
NESTLEIND | ROE mismatch | Source=135.61 Calculated=41.77 Difference=93.84
NESTLEIND | ROE mismatch | Source=135.61 Calculated=19.99 Difference=115.62
NESTLEIND | ROE mismatch | Source=135.61 Calculated=30.5 Difference=105.11
NESTLEIND | ROE mismatch | Source=135.61 Calculated=35.82 Difference=99.79
NESTLEIND | ROE mismatch | Source=135.61 Calculated=43.75 Difference=91.86
NESTLEIND | ROE mismatch | Source=135.61 Calculated=102.61 Difference=33.00
NESTLEIND | ROE mismatch | Source=135.61 Calculated=103.12 Difference=32.49
NESTLEIND | ROE mismatch | Source=135.61 Calculated=108.84 Difference=26.77
NESTLEIND | ROE mismatch | Source=135.61 Calculated=97.23 Difference=38.38
NESTLEIND | ROE mismatch | Source=135.61 Calculated=121.96 Difference=13.65
NESTLEIND | ROE mismatch | Source=135.61 Calculated=117.75 Difference=17.86
ONGC | ROE mismatch | Source=14.32 Calculated=6.62 Difference=7.70
ONGC | ROE mismatch | Source=14.32 Calculated=5.59 Difference=8.73
PFC | ROE mismatch | Source=19.49 Calculated=6.07 Difference=13.42
PFC | ROE mismatch | Source=19.49 Calculated=26.82 Difference=7.33
PFC | ROE mismatch | Source=19.49 Calculated=25.86 Difference=6.37
PFC | ROE mismatch | Source=19.49 Calculated=26.18 Difference=6.69
PFC | ROE mismatch | Source=19.49 Calculated=25.17 Difference=5.68
PFC | ROE mismatch | Source=19.49 Calculated=26.16 Difference=6.67
PIDILITIND | ROE mismatch | Source=22.8 Calculated=30.59 Difference=7.79
PNB | ROE mismatch | Source=8.7 Calculated=812.3 Difference=803.60
PNB | ROE mismatch | Source=8.7 Calculated=812.3 Difference=803.60
PNB | ROE mismatch | Source=8.7 Calculated=812.3 Difference=803.60
PNB | ROE mismatch | Source=8.7 Calculated=812.3 Difference=803.60
PNB | ROE mismatch | Source=8.7 Calculated=812.3 Difference=803.60
PNB | ROE mismatch | Source=8.7 Calculated=812.3 Difference=803.60
PNB | ROE mismatch | Source=8.7 Calculated=812.3 Difference=803.60
PNB | ROE mismatch | Source=8.7 Calculated=812.3 Difference=803.60
PNB | ROE mismatch | Source=8.7 Calculated=812.3 Difference=803.60
PNB | ROE mismatch | Source=8.7 Calculated=812.3 Difference=803.60
PNB | ROE mismatch | Source=8.7 Calculated=812.3 Difference=803.60
PNB | ROE mismatch | Source=8.7 Calculated=812.3 Difference=803.60
PNB | ROE mismatch | Source=8.7 Calculated=812.3 Difference=803.60
PNB | ROE mismatch | Source=8.7 Calculated=812.3 Difference=803.60
PNB | ROE mismatch | Source=8.7 Calculated=812.3 Difference=803.60
PNB | ROE mismatch | Source=8.7 Calculated=812.3 Difference=803.60
PNB | ROE mismatch | Source=8.7 Calculated=812.3 Difference=803.60
PNB | ROE mismatch | Source=8.7 Calculated=812.3 Difference=803.60
PNB | ROE mismatch | Source=8.7 Calculated=812.3 Difference=803.60
PNB | ROE mismatch | Source=8.7 Calculated=812.3 Difference=803.60
PNB | ROE mismatch | Source=8.7 Calculated=812.3 Difference=803.60
PNB | ROE mismatch | Source=8.7 Calculated=812.3 Difference=803.60
PNB | ROE mismatch | Source=8.7 Calculated=812.3 Difference=803.60
PNB | ROE mismatch | Source=8.7 Calculated=812.3 Difference=803.60
PNB | ROE mismatch | Source=8.7 Calculated=812.3 Difference=803.60
PNB | ROE mismatch | Source=8.7 Calculated=393.36 Difference=384.66
PNB | ROE mismatch | Source=8.7 Calculated=393.36 Difference=384.66
PNB | ROE mismatch | Source=8.7 Calculated=393.36 Difference=384.66
PNB | ROE mismatch | Source=8.7 Calculated=393.36 Difference=384.66
PNB | ROE mismatch | Source=8.7 Calculated=393.36 Difference=384.66
PNB | ROE mismatch | Source=8.7 Calculated=393.36 Difference=384.66
PNB | ROE mismatch | Source=8.7 Calculated=393.36 Difference=384.66
PNB | ROE mismatch | Source=8.7 Calculated=393.36 Difference=384.66
PNB | ROE mismatch | Source=8.7 Calculated=393.36 Difference=384.66
PNB | ROE mismatch | Source=8.7 Calculated=393.36 Difference=384.66
PNB | ROE mismatch | Source=8.7 Calculated=393.36 Difference=384.66
PNB | ROE mismatch | Source=8.7 Calculated=393.36 Difference=384.66
PNB | ROE mismatch | Source=8.7 Calculated=393.36 Difference=384.66
PNB | ROE mismatch | Source=8.7 Calculated=393.36 Difference=384.66
PNB | ROE mismatch | Source=8.7 Calculated=393.36 Difference=384.66
PNB | ROE mismatch | Source=8.7 Calculated=393.36 Difference=384.66
PNB | ROE mismatch | Source=8.7 Calculated=393.36 Difference=384.66
PNB | ROE mismatch | Source=8.7 Calculated=393.36 Difference=384.66
PNB | ROE mismatch | Source=8.7 Calculated=393.36 Difference=384.66
PNB | ROE mismatch | Source=8.7 Calculated=393.36 Difference=384.66
PNB | ROE mismatch | Source=8.7 Calculated=393.36 Difference=384.66
PNB | ROE mismatch | Source=8.7 Calculated=393.36 Difference=384.66
PNB | ROE mismatch | Source=8.7 Calculated=393.36 Difference=384.66
PNB | ROE mismatch | Source=8.7 Calculated=393.36 Difference=384.66
PNB | ROE mismatch | Source=8.7 Calculated=393.36 Difference=384.66
PNB | ROE mismatch | Source=8.7 Calculated=223.24 Difference=214.54
PNB | ROE mismatch | Source=8.7 Calculated=223.24 Difference=214.54
PNB | ROE mismatch | Source=8.7 Calculated=223.24 Difference=214.54
PNB | ROE mismatch | Source=8.7 Calculated=223.24 Difference=214.54
PNB | ROE mismatch | Source=8.7 Calculated=223.24 Difference=214.54
PNB | ROE mismatch | Source=8.7 Calculated=223.24 Difference=214.54
PNB | ROE mismatch | Source=8.7 Calculated=223.24 Difference=214.54
PNB | ROE mismatch | Source=8.7 Calculated=223.24 Difference=214.54
PNB | ROE mismatch | Source=8.7 Calculated=223.24 Difference=214.54
PNB | ROE mismatch | Source=8.7 Calculated=223.24 Difference=214.54
PNB | ROE mismatch | Source=8.7 Calculated=223.24 Difference=214.54
PNB | ROE mismatch | Source=8.7 Calculated=223.24 Difference=214.54
PNB | ROE mismatch | Source=8.7 Calculated=223.24 Difference=214.54
PNB | ROE mismatch | Source=8.7 Calculated=223.24 Difference=214.54
PNB | ROE mismatch | Source=8.7 Calculated=223.24 Difference=214.54
PNB | ROE mismatch | Source=8.7 Calculated=223.24 Difference=214.54
PNB | ROE mismatch | Source=8.7 Calculated=223.24 Difference=214.54
PNB | ROE mismatch | Source=8.7 Calculated=223.24 Difference=214.54
PNB | ROE mismatch | Source=8.7 Calculated=223.24 Difference=214.54
PNB | ROE mismatch | Source=8.7 Calculated=223.24 Difference=214.54
PNB | ROE mismatch | Source=8.7 Calculated=223.24 Difference=214.54
PNB | ROE mismatch | Source=8.7 Calculated=223.24 Difference=214.54
PNB | ROE mismatch | Source=8.7 Calculated=223.24 Difference=214.54
PNB | ROE mismatch | Source=8.7 Calculated=223.24 Difference=214.54
PNB | ROE mismatch | Source=8.7 Calculated=223.24 Difference=214.54
PNB | ROE mismatch | Source=8.7 Calculated=-163.56 Difference=172.26
PNB | ROE mismatch | Source=8.7 Calculated=-163.56 Difference=172.26
PNB | ROE mismatch | Source=8.7 Calculated=-163.56 Difference=172.26
PNB | ROE mismatch | Source=8.7 Calculated=-163.56 Difference=172.26
PNB | ROE mismatch | Source=8.7 Calculated=-163.56 Difference=172.26
PNB | ROE mismatch | Source=8.7 Calculated=-163.56 Difference=172.26
PNB | ROE mismatch | Source=8.7 Calculated=-163.56 Difference=172.26
PNB | ROE mismatch | Source=8.7 Calculated=-163.56 Difference=172.26
PNB | ROE mismatch | Source=8.7 Calculated=-163.56 Difference=172.26
PNB | ROE mismatch | Source=8.7 Calculated=-163.56 Difference=172.26
PNB | ROE mismatch | Source=8.7 Calculated=-163.56 Difference=172.26
PNB | ROE mismatch | Source=8.7 Calculated=-163.56 Difference=172.26
PNB | ROE mismatch | Source=8.7 Calculated=-163.56 Difference=172.26
PNB | ROE mismatch | Source=8.7 Calculated=-163.56 Difference=172.26
PNB | ROE mismatch | Source=8.7 Calculated=-163.56 Difference=172.26
PNB | ROE mismatch | Source=8.7 Calculated=-163.56 Difference=172.26
PNB | ROE mismatch | Source=8.7 Calculated=-163.56 Difference=172.26
PNB | ROE mismatch | Source=8.7 Calculated=-163.56 Difference=172.26
PNB | ROE mismatch | Source=8.7 Calculated=-163.56 Difference=172.26
PNB | ROE mismatch | Source=8.7 Calculated=-163.56 Difference=172.26
PNB | ROE mismatch | Source=8.7 Calculated=-163.56 Difference=172.26
PNB | ROE mismatch | Source=8.7 Calculated=-163.56 Difference=172.26
PNB | ROE mismatch | Source=8.7 Calculated=-163.56 Difference=172.26
PNB | ROE mismatch | Source=8.7 Calculated=-163.56 Difference=172.26
PNB | ROE mismatch | Source=8.7 Calculated=-163.56 Difference=172.26
PNB | ROE mismatch | Source=8.7 Calculated=22.21 Difference=13.51
PNB | ROE mismatch | Source=8.7 Calculated=22.21 Difference=13.51
PNB | ROE mismatch | Source=8.7 Calculated=22.21 Difference=13.51
PNB | ROE mismatch | Source=8.7 Calculated=22.21 Difference=13.51
PNB | ROE mismatch | Source=8.7 Calculated=22.21 Difference=13.51
PNB | ROE mismatch | Source=8.7 Calculated=22.21 Difference=13.51
PNB | ROE mismatch | Source=8.7 Calculated=22.21 Difference=13.51
PNB | ROE mismatch | Source=8.7 Calculated=22.21 Difference=13.51
PNB | ROE mismatch | Source=8.7 Calculated=22.21 Difference=13.51
PNB | ROE mismatch | Source=8.7 Calculated=22.21 Difference=13.51
PNB | ROE mismatch | Source=8.7 Calculated=22.21 Difference=13.51
PNB | ROE mismatch | Source=8.7 Calculated=22.21 Difference=13.51
PNB | ROE mismatch | Source=8.7 Calculated=22.21 Difference=13.51
PNB | ROE mismatch | Source=8.7 Calculated=22.21 Difference=13.51
PNB | ROE mismatch | Source=8.7 Calculated=22.21 Difference=13.51
PNB | ROE mismatch | Source=8.7 Calculated=22.21 Difference=13.51
PNB | ROE mismatch | Source=8.7 Calculated=22.21 Difference=13.51
PNB | ROE mismatch | Source=8.7 Calculated=22.21 Difference=13.51
PNB | ROE mismatch | Source=8.7 Calculated=22.21 Difference=13.51
PNB | ROE mismatch | Source=8.7 Calculated=22.21 Difference=13.51
PNB | ROE mismatch | Source=8.7 Calculated=22.21 Difference=13.51
PNB | ROE mismatch | Source=8.7 Calculated=22.21 Difference=13.51
PNB | ROE mismatch | Source=8.7 Calculated=22.21 Difference=13.51
PNB | ROE mismatch | Source=8.7 Calculated=22.21 Difference=13.51
PNB | ROE mismatch | Source=8.7 Calculated=22.21 Difference=13.51
PNB | ROE mismatch | Source=8.7 Calculated=-184.37 Difference=193.07
PNB | ROE mismatch | Source=8.7 Calculated=-184.37 Difference=193.07
PNB | ROE mismatch | Source=8.7 Calculated=-184.37 Difference=193.07
PNB | ROE mismatch | Source=8.7 Calculated=-184.37 Difference=193.07
PNB | ROE mismatch | Source=8.7 Calculated=-184.37 Difference=193.07
PNB | ROE mismatch | Source=8.7 Calculated=-184.37 Difference=193.07
PNB | ROE mismatch | Source=8.7 Calculated=-184.37 Difference=193.07
PNB | ROE mismatch | Source=8.7 Calculated=-184.37 Difference=193.07
PNB | ROE mismatch | Source=8.7 Calculated=-184.37 Difference=193.07
PNB | ROE mismatch | Source=8.7 Calculated=-184.37 Difference=193.07
PNB | ROE mismatch | Source=8.7 Calculated=-184.37 Difference=193.07
PNB | ROE mismatch | Source=8.7 Calculated=-184.37 Difference=193.07
PNB | ROE mismatch | Source=8.7 Calculated=-184.37 Difference=193.07
PNB | ROE mismatch | Source=8.7 Calculated=-184.37 Difference=193.07
PNB | ROE mismatch | Source=8.7 Calculated=-184.37 Difference=193.07
PNB | ROE mismatch | Source=8.7 Calculated=-184.37 Difference=193.07
PNB | ROE mismatch | Source=8.7 Calculated=-184.37 Difference=193.07
PNB | ROE mismatch | Source=8.7 Calculated=-184.37 Difference=193.07
PNB | ROE mismatch | Source=8.7 Calculated=-184.37 Difference=193.07
PNB | ROE mismatch | Source=8.7 Calculated=-184.37 Difference=193.07
PNB | ROE mismatch | Source=8.7 Calculated=-184.37 Difference=193.07
PNB | ROE mismatch | Source=8.7 Calculated=-184.37 Difference=193.07
PNB | ROE mismatch | Source=8.7 Calculated=-184.37 Difference=193.07
PNB | ROE mismatch | Source=8.7 Calculated=-184.37 Difference=193.07
PNB | ROE mismatch | Source=8.7 Calculated=-184.37 Difference=193.07
PNB | ROE mismatch | Source=8.7 Calculated=-128.45 Difference=137.15
PNB | ROE mismatch | Source=8.7 Calculated=-128.45 Difference=137.15
PNB | ROE mismatch | Source=8.7 Calculated=-128.45 Difference=137.15
PNB | ROE mismatch | Source=8.7 Calculated=-128.45 Difference=137.15
PNB | ROE mismatch | Source=8.7 Calculated=-128.45 Difference=137.15
PNB | ROE mismatch | Source=8.7 Calculated=-128.45 Difference=137.15
PNB | ROE mismatch | Source=8.7 Calculated=-128.45 Difference=137.15
PNB | ROE mismatch | Source=8.7 Calculated=-128.45 Difference=137.15
PNB | ROE mismatch | Source=8.7 Calculated=-128.45 Difference=137.15
PNB | ROE mismatch | Source=8.7 Calculated=-128.45 Difference=137.15
PNB | ROE mismatch | Source=8.7 Calculated=-128.45 Difference=137.15
PNB | ROE mismatch | Source=8.7 Calculated=-128.45 Difference=137.15
PNB | ROE mismatch | Source=8.7 Calculated=-128.45 Difference=137.15
PNB | ROE mismatch | Source=8.7 Calculated=-128.45 Difference=137.15
PNB | ROE mismatch | Source=8.7 Calculated=-128.45 Difference=137.15
PNB | ROE mismatch | Source=8.7 Calculated=-128.45 Difference=137.15
PNB | ROE mismatch | Source=8.7 Calculated=-128.45 Difference=137.15
PNB | ROE mismatch | Source=8.7 Calculated=-128.45 Difference=137.15
PNB | ROE mismatch | Source=8.7 Calculated=-128.45 Difference=137.15
PNB | ROE mismatch | Source=8.7 Calculated=-128.45 Difference=137.15
PNB | ROE mismatch | Source=8.7 Calculated=-128.45 Difference=137.15
PNB | ROE mismatch | Source=8.7 Calculated=-128.45 Difference=137.15
PNB | ROE mismatch | Source=8.7 Calculated=-128.45 Difference=137.15
PNB | ROE mismatch | Source=8.7 Calculated=-128.45 Difference=137.15
PNB | ROE mismatch | Source=8.7 Calculated=-128.45 Difference=137.15
PNB | ROE mismatch | Source=8.7 Calculated=30.39 Difference=21.69
PNB | ROE mismatch | Source=8.7 Calculated=30.39 Difference=21.69
PNB | ROE mismatch | Source=8.7 Calculated=30.39 Difference=21.69
PNB | ROE mismatch | Source=8.7 Calculated=30.39 Difference=21.69
PNB | ROE mismatch | Source=8.7 Calculated=30.39 Difference=21.69
PNB | ROE mismatch | Source=8.7 Calculated=30.39 Difference=21.69
PNB | ROE mismatch | Source=8.7 Calculated=30.39 Difference=21.69
PNB | ROE mismatch | Source=8.7 Calculated=30.39 Difference=21.69
PNB | ROE mismatch | Source=8.7 Calculated=30.39 Difference=21.69
PNB | ROE mismatch | Source=8.7 Calculated=30.39 Difference=21.69
PNB | ROE mismatch | Source=8.7 Calculated=30.39 Difference=21.69
PNB | ROE mismatch | Source=8.7 Calculated=30.39 Difference=21.69
PNB | ROE mismatch | Source=8.7 Calculated=30.39 Difference=21.69
PNB | ROE mismatch | Source=8.7 Calculated=30.39 Difference=21.69
PNB | ROE mismatch | Source=8.7 Calculated=30.39 Difference=21.69
PNB | ROE mismatch | Source=8.7 Calculated=30.39 Difference=21.69
PNB | ROE mismatch | Source=8.7 Calculated=30.39 Difference=21.69
PNB | ROE mismatch | Source=8.7 Calculated=30.39 Difference=21.69
PNB | ROE mismatch | Source=8.7 Calculated=30.39 Difference=21.69
PNB | ROE mismatch | Source=8.7 Calculated=30.39 Difference=21.69
PNB | ROE mismatch | Source=8.7 Calculated=30.39 Difference=21.69
PNB | ROE mismatch | Source=8.7 Calculated=30.39 Difference=21.69
PNB | ROE mismatch | Source=8.7 Calculated=30.39 Difference=21.69
PNB | ROE mismatch | Source=8.7 Calculated=30.39 Difference=21.69
PNB | ROE mismatch | Source=8.7 Calculated=30.39 Difference=21.69
PNB | ROE mismatch | Source=8.7 Calculated=39.87 Difference=31.17
PNB | ROE mismatch | Source=8.7 Calculated=39.87 Difference=31.17
PNB | ROE mismatch | Source=8.7 Calculated=39.87 Difference=31.17
PNB | ROE mismatch | Source=8.7 Calculated=39.87 Difference=31.17
PNB | ROE mismatch | Source=8.7 Calculated=39.87 Difference=31.17
PNB | ROE mismatch | Source=8.7 Calculated=39.87 Difference=31.17
PNB | ROE mismatch | Source=8.7 Calculated=39.87 Difference=31.17
PNB | ROE mismatch | Source=8.7 Calculated=39.87 Difference=31.17
PNB | ROE mismatch | Source=8.7 Calculated=39.87 Difference=31.17
PNB | ROE mismatch | Source=8.7 Calculated=39.87 Difference=31.17
PNB | ROE mismatch | Source=8.7 Calculated=39.87 Difference=31.17
PNB | ROE mismatch | Source=8.7 Calculated=39.87 Difference=31.17
PNB | ROE mismatch | Source=8.7 Calculated=39.87 Difference=31.17
PNB | ROE mismatch | Source=8.7 Calculated=39.87 Difference=31.17
PNB | ROE mismatch | Source=8.7 Calculated=39.87 Difference=31.17
PNB | ROE mismatch | Source=8.7 Calculated=39.87 Difference=31.17
PNB | ROE mismatch | Source=8.7 Calculated=39.87 Difference=31.17
PNB | ROE mismatch | Source=8.7 Calculated=39.87 Difference=31.17
PNB | ROE mismatch | Source=8.7 Calculated=39.87 Difference=31.17
PNB | ROE mismatch | Source=8.7 Calculated=39.87 Difference=31.17
PNB | ROE mismatch | Source=8.7 Calculated=39.87 Difference=31.17
PNB | ROE mismatch | Source=8.7 Calculated=39.87 Difference=31.17
PNB | ROE mismatch | Source=8.7 Calculated=39.87 Difference=31.17
PNB | ROE mismatch | Source=8.7 Calculated=39.87 Difference=31.17
PNB | ROE mismatch | Source=8.7 Calculated=39.87 Difference=31.17
PNB | ROE mismatch | Source=8.7 Calculated=30.67 Difference=21.97
PNB | ROE mismatch | Source=8.7 Calculated=30.67 Difference=21.97
PNB | ROE mismatch | Source=8.7 Calculated=30.67 Difference=21.97
PNB | ROE mismatch | Source=8.7 Calculated=30.67 Difference=21.97
PNB | ROE mismatch | Source=8.7 Calculated=30.67 Difference=21.97
PNB | ROE mismatch | Source=8.7 Calculated=30.67 Difference=21.97
PNB | ROE mismatch | Source=8.7 Calculated=30.67 Difference=21.97
PNB | ROE mismatch | Source=8.7 Calculated=30.67 Difference=21.97
PNB | ROE mismatch | Source=8.7 Calculated=30.67 Difference=21.97
PNB | ROE mismatch | Source=8.7 Calculated=30.67 Difference=21.97
PNB | ROE mismatch | Source=8.7 Calculated=30.67 Difference=21.97
PNB | ROE mismatch | Source=8.7 Calculated=30.67 Difference=21.97
PNB | ROE mismatch | Source=8.7 Calculated=30.67 Difference=21.97
PNB | ROE mismatch | Source=8.7 Calculated=30.67 Difference=21.97
PNB | ROE mismatch | Source=8.7 Calculated=30.67 Difference=21.97
PNB | ROE mismatch | Source=8.7 Calculated=30.67 Difference=21.97
PNB | ROE mismatch | Source=8.7 Calculated=30.67 Difference=21.97
PNB | ROE mismatch | Source=8.7 Calculated=30.67 Difference=21.97
PNB | ROE mismatch | Source=8.7 Calculated=30.67 Difference=21.97
PNB | ROE mismatch | Source=8.7 Calculated=30.67 Difference=21.97
PNB | ROE mismatch | Source=8.7 Calculated=30.67 Difference=21.97
PNB | ROE mismatch | Source=8.7 Calculated=30.67 Difference=21.97
PNB | ROE mismatch | Source=8.7 Calculated=30.67 Difference=21.97
PNB | ROE mismatch | Source=8.7 Calculated=30.67 Difference=21.97
PNB | ROE mismatch | Source=8.7 Calculated=30.67 Difference=21.97
PNB | ROE mismatch | Source=8.7 Calculated=61.32 Difference=52.62
PNB | ROE mismatch | Source=8.7 Calculated=61.32 Difference=52.62
PNB | ROE mismatch | Source=8.7 Calculated=61.32 Difference=52.62
PNB | ROE mismatch | Source=8.7 Calculated=61.32 Difference=52.62
PNB | ROE mismatch | Source=8.7 Calculated=61.32 Difference=52.62
PNB | ROE mismatch | Source=8.7 Calculated=61.32 Difference=52.62
PNB | ROE mismatch | Source=8.7 Calculated=61.32 Difference=52.62
PNB | ROE mismatch | Source=8.7 Calculated=61.32 Difference=52.62
PNB | ROE mismatch | Source=8.7 Calculated=61.32 Difference=52.62
PNB | ROE mismatch | Source=8.7 Calculated=61.32 Difference=52.62
PNB | ROE mismatch | Source=8.7 Calculated=61.32 Difference=52.62
PNB | ROE mismatch | Source=8.7 Calculated=61.32 Difference=52.62
PNB | ROE mismatch | Source=8.7 Calculated=61.32 Difference=52.62
PNB | ROE mismatch | Source=8.7 Calculated=61.32 Difference=52.62
PNB | ROE mismatch | Source=8.7 Calculated=61.32 Difference=52.62
PNB | ROE mismatch | Source=8.7 Calculated=61.32 Difference=52.62
PNB | ROE mismatch | Source=8.7 Calculated=61.32 Difference=52.62
PNB | ROE mismatch | Source=8.7 Calculated=61.32 Difference=52.62
PNB | ROE mismatch | Source=8.7 Calculated=61.32 Difference=52.62
PNB | ROE mismatch | Source=8.7 Calculated=61.32 Difference=52.62
PNB | ROE mismatch | Source=8.7 Calculated=61.32 Difference=52.62
PNB | ROE mismatch | Source=8.7 Calculated=61.32 Difference=52.62
PNB | ROE mismatch | Source=8.7 Calculated=61.32 Difference=52.62
PNB | ROE mismatch | Source=8.7 Calculated=61.32 Difference=52.62
PNB | ROE mismatch | Source=8.7 Calculated=61.32 Difference=52.62
POWERGRID | ROE mismatch | Source=19.0 Calculated=13.11 Difference=5.89
POWERGRID | ROE mismatch | Source=19.0 Calculated=13.11 Difference=5.89
POWERGRID | ROE mismatch | Source=19.0 Calculated=13.11 Difference=5.89
POWERGRID | ROE mismatch | Source=19.0 Calculated=13.11 Difference=5.89
POWERGRID | ROE mismatch | Source=19.0 Calculated=13.13 Difference=5.87
POWERGRID | ROE mismatch | Source=19.0 Calculated=13.13 Difference=5.87
POWERGRID | ROE mismatch | Source=19.0 Calculated=13.13 Difference=5.87
POWERGRID | ROE mismatch | Source=19.0 Calculated=13.13 Difference=5.87
POWERGRID | ROE mismatch | Source=19.0 Calculated=13.55 Difference=5.45
POWERGRID | ROE mismatch | Source=19.0 Calculated=13.55 Difference=5.45
POWERGRID | ROE mismatch | Source=19.0 Calculated=13.55 Difference=5.45
POWERGRID | ROE mismatch | Source=19.0 Calculated=13.55 Difference=5.45
RECLTD | ROE mismatch | Source=22.2 Calculated=13.66 Difference=8.54
RECLTD | ROE mismatch | Source=22.2 Calculated=16.62 Difference=5.58
RECLTD | ROE mismatch | Source=22.2 Calculated=14.05 Difference=8.15
SBILIFE | ROE mismatch | Source=12.0 Calculated=23.03 Difference=11.03
SBILIFE | ROE mismatch | Source=12.0 Calculated=21.69 Difference=9.69
SBILIFE | ROE mismatch | Source=12.0 Calculated=20.09 Difference=8.09
SBILIFE | ROE mismatch | Source=12.0 Calculated=17.83 Difference=5.83
SBILIFE | ROE mismatch | Source=12.0 Calculated=17.2 Difference=5.20
SBILIFE | ROE mismatch | Source=12.0 Calculated=17.62 Difference=5.62
SBILIFE | ROE mismatch | Source=12.0 Calculated=17.52 Difference=5.52
TVSMOTOR | ROCE | Formula Discrepancy
